--
-- PostgreSQL database dump
--

-- Dumped from database version 14.10 (Homebrew)
-- Dumped by pg_dump version 14.10 (Homebrew)

SET statement_timeout = 0;
SET lock_timeout = 0;
SET idle_in_transaction_session_timeout = 0;
SET client_encoding = 'UTF8';
SET standard_conforming_strings = on;
SELECT pg_catalog.set_config('search_path', '', false);
SET check_function_bodies = false;
SET xmloption = content;
SET client_min_messages = warning;
SET row_security = off;

SET default_tablespace = '';

SET default_table_access_method = heap;

--
-- Name: answers; Type: TABLE; Schema: public; Owner: MTLife
--

CREATE TABLE public.answers (
    id bigint NOT NULL,
    user_id bigint NOT NULL,
    question_id bigint NOT NULL,
    selected_option_id bigint NOT NULL,
    is_correct boolean NOT NULL,
    created_at timestamp(6) without time zone NOT NULL,
    updated_at timestamp(6) without time zone NOT NULL
);


ALTER TABLE public.answers OWNER TO "MTLife";

--
-- Name: answers_id_seq; Type: SEQUENCE; Schema: public; Owner: MTLife
--

CREATE SEQUENCE public.answers_id_seq
    START WITH 1
    INCREMENT BY 1
    NO MINVALUE
    NO MAXVALUE
    CACHE 1;


ALTER TABLE public.answers_id_seq OWNER TO "MTLife";

--
-- Name: answers_id_seq; Type: SEQUENCE OWNED BY; Schema: public; Owner: MTLife
--

ALTER SEQUENCE public.answers_id_seq OWNED BY public.answers.id;


--
-- Name: ar_internal_metadata; Type: TABLE; Schema: public; Owner: MTLife
--

CREATE TABLE public.ar_internal_metadata (
    key character varying NOT NULL,
    value character varying,
    created_at timestamp(6) without time zone NOT NULL,
    updated_at timestamp(6) without time zone NOT NULL
);


ALTER TABLE public.ar_internal_metadata OWNER TO "MTLife";

--
-- Name: authentications; Type: TABLE; Schema: public; Owner: MTLife
--

CREATE TABLE public.authentications (
    id bigint NOT NULL,
    user_id integer NOT NULL,
    provider character varying NOT NULL,
    uid character varying NOT NULL,
    created_at timestamp(6) without time zone NOT NULL,
    updated_at timestamp(6) without time zone NOT NULL
);


ALTER TABLE public.authentications OWNER TO "MTLife";

--
-- Name: authentications_id_seq; Type: SEQUENCE; Schema: public; Owner: MTLife
--

CREATE SEQUENCE public.authentications_id_seq
    START WITH 1
    INCREMENT BY 1
    NO MINVALUE
    NO MAXVALUE
    CACHE 1;


ALTER TABLE public.authentications_id_seq OWNER TO "MTLife";

--
-- Name: authentications_id_seq; Type: SEQUENCE OWNED BY; Schema: public; Owner: MTLife
--

ALTER SEQUENCE public.authentications_id_seq OWNED BY public.authentications.id;


--
-- Name: image_questions; Type: TABLE; Schema: public; Owner: MTLife
--

CREATE TABLE public.image_questions (
    id bigint NOT NULL,
    question_id bigint NOT NULL,
    picture character varying NOT NULL,
    created_at timestamp(6) without time zone NOT NULL,
    updated_at timestamp(6) without time zone NOT NULL
);


ALTER TABLE public.image_questions OWNER TO "MTLife";

--
-- Name: image_questions_id_seq; Type: SEQUENCE; Schema: public; Owner: MTLife
--

CREATE SEQUENCE public.image_questions_id_seq
    START WITH 1
    INCREMENT BY 1
    NO MINVALUE
    NO MAXVALUE
    CACHE 1;


ALTER TABLE public.image_questions_id_seq OWNER TO "MTLife";

--
-- Name: image_questions_id_seq; Type: SEQUENCE OWNED BY; Schema: public; Owner: MTLife
--

ALTER SEQUENCE public.image_questions_id_seq OWNED BY public.image_questions.id;


--
-- Name: options; Type: TABLE; Schema: public; Owner: MTLife
--

CREATE TABLE public.options (
    id bigint NOT NULL,
    question_id bigint NOT NULL,
    option_text text NOT NULL,
    created_at timestamp(6) without time zone NOT NULL,
    updated_at timestamp(6) without time zone NOT NULL
);


ALTER TABLE public.options OWNER TO "MTLife";

--
-- Name: options_id_seq; Type: SEQUENCE; Schema: public; Owner: MTLife
--

CREATE SEQUENCE public.options_id_seq
    START WITH 1
    INCREMENT BY 1
    NO MINVALUE
    NO MAXVALUE
    CACHE 1;


ALTER TABLE public.options_id_seq OWNER TO "MTLife";

--
-- Name: options_id_seq; Type: SEQUENCE OWNED BY; Schema: public; Owner: MTLife
--

ALTER SEQUENCE public.options_id_seq OWNED BY public.options.id;


--
-- Name: question_correct_answers; Type: TABLE; Schema: public; Owner: MTLife
--

CREATE TABLE public.question_correct_answers (
    id bigint NOT NULL,
    question_id bigint NOT NULL,
    correct_answer integer,
    created_at timestamp(6) without time zone NOT NULL,
    updated_at timestamp(6) without time zone NOT NULL
);


ALTER TABLE public.question_correct_answers OWNER TO "MTLife";

--
-- Name: question_correct_answers_id_seq; Type: SEQUENCE; Schema: public; Owner: MTLife
--

CREATE SEQUENCE public.question_correct_answers_id_seq
    START WITH 1
    INCREMENT BY 1
    NO MINVALUE
    NO MAXVALUE
    CACHE 1;


ALTER TABLE public.question_correct_answers_id_seq OWNER TO "MTLife";

--
-- Name: question_correct_answers_id_seq; Type: SEQUENCE OWNED BY; Schema: public; Owner: MTLife
--

ALTER SEQUENCE public.question_correct_answers_id_seq OWNED BY public.question_correct_answers.id;


--
-- Name: questions; Type: TABLE; Schema: public; Owner: MTLife
--

CREATE TABLE public.questions (
    id bigint NOT NULL,
    question_text text NOT NULL,
    year integer NOT NULL,
    subject character varying NOT NULL,
    created_at timestamp(6) without time zone NOT NULL,
    updated_at timestamp(6) without time zone NOT NULL
);


ALTER TABLE public.questions OWNER TO "MTLife";

--
-- Name: questions_id_seq; Type: SEQUENCE; Schema: public; Owner: MTLife
--

CREATE SEQUENCE public.questions_id_seq
    START WITH 1
    INCREMENT BY 1
    NO MINVALUE
    NO MAXVALUE
    CACHE 1;


ALTER TABLE public.questions_id_seq OWNER TO "MTLife";

--
-- Name: questions_id_seq; Type: SEQUENCE OWNED BY; Schema: public; Owner: MTLife
--

ALTER SEQUENCE public.questions_id_seq OWNED BY public.questions.id;


--
-- Name: schema_migrations; Type: TABLE; Schema: public; Owner: MTLife
--

CREATE TABLE public.schema_migrations (
    version character varying NOT NULL
);


ALTER TABLE public.schema_migrations OWNER TO "MTLife";

--
-- Name: users; Type: TABLE; Schema: public; Owner: MTLife
--

CREATE TABLE public.users (
    id bigint NOT NULL,
    name character varying NOT NULL,
    email character varying NOT NULL,
    crypted_password character varying,
    salt character varying,
    created_at timestamp(6) without time zone NOT NULL,
    updated_at timestamp(6) without time zone NOT NULL,
    reset_password_token character varying,
    reset_password_token_expires_at timestamp(6) without time zone DEFAULT NULL::timestamp without time zone,
    reset_password_email_sent_at timestamp(6) without time zone DEFAULT NULL::timestamp without time zone,
    access_count_to_reset_password_page integer DEFAULT 0,
    avatar character varying
);


ALTER TABLE public.users OWNER TO "MTLife";

--
-- Name: users_id_seq; Type: SEQUENCE; Schema: public; Owner: MTLife
--

CREATE SEQUENCE public.users_id_seq
    START WITH 1
    INCREMENT BY 1
    NO MINVALUE
    NO MAXVALUE
    CACHE 1;


ALTER TABLE public.users_id_seq OWNER TO "MTLife";

--
-- Name: users_id_seq; Type: SEQUENCE OWNED BY; Schema: public; Owner: MTLife
--

ALTER SEQUENCE public.users_id_seq OWNED BY public.users.id;


--
-- Name: answers id; Type: DEFAULT; Schema: public; Owner: MTLife
--

ALTER TABLE ONLY public.answers ALTER COLUMN id SET DEFAULT nextval('public.answers_id_seq'::regclass);


--
-- Name: authentications id; Type: DEFAULT; Schema: public; Owner: MTLife
--

ALTER TABLE ONLY public.authentications ALTER COLUMN id SET DEFAULT nextval('public.authentications_id_seq'::regclass);


--
-- Name: image_questions id; Type: DEFAULT; Schema: public; Owner: MTLife
--

ALTER TABLE ONLY public.image_questions ALTER COLUMN id SET DEFAULT nextval('public.image_questions_id_seq'::regclass);


--
-- Name: options id; Type: DEFAULT; Schema: public; Owner: MTLife
--

ALTER TABLE ONLY public.options ALTER COLUMN id SET DEFAULT nextval('public.options_id_seq'::regclass);


--
-- Name: question_correct_answers id; Type: DEFAULT; Schema: public; Owner: MTLife
--

ALTER TABLE ONLY public.question_correct_answers ALTER COLUMN id SET DEFAULT nextval('public.question_correct_answers_id_seq'::regclass);


--
-- Name: questions id; Type: DEFAULT; Schema: public; Owner: MTLife
--

ALTER TABLE ONLY public.questions ALTER COLUMN id SET DEFAULT nextval('public.questions_id_seq'::regclass);


--
-- Name: users id; Type: DEFAULT; Schema: public; Owner: MTLife
--

ALTER TABLE ONLY public.users ALTER COLUMN id SET DEFAULT nextval('public.users_id_seq'::regclass);


--
-- Data for Name: answers; Type: TABLE DATA; Schema: public; Owner: MTLife
--

COPY public.answers (id, user_id, question_id, selected_option_id, is_correct, created_at, updated_at) FROM stdin;
\.


--
-- Data for Name: ar_internal_metadata; Type: TABLE DATA; Schema: public; Owner: MTLife
--

COPY public.ar_internal_metadata (key, value, created_at, updated_at) FROM stdin;
environment	development	2024-01-15 01:42:29.093828	2024-01-15 01:42:29.093828
\.


--
-- Data for Name: authentications; Type: TABLE DATA; Schema: public; Owner: MTLife
--

COPY public.authentications (id, user_id, provider, uid, created_at, updated_at) FROM stdin;
1	23	google	101528979096390845122	2024-02-07 13:57:47.619857	2024-02-07 13:57:47.619857
2	24	google	108253871867528338356	2024-02-07 14:38:55.482522	2024-02-07 14:38:55.482522
\.


--
-- Data for Name: image_questions; Type: TABLE DATA; Schema: public; Owner: MTLife
--

COPY public.image_questions (id, question_id, picture, created_at, updated_at) FROM stdin;
\.


--
-- Data for Name: options; Type: TABLE DATA; Schema: public; Owner: MTLife
--

COPY public.options (id, question_id, option_text, created_at, updated_at) FROM stdin;
1	1	ALP	2024-02-23 19:55:08.793256	2024-02-23 19:55:08.793256
2	1	Ca	2024-02-23 19:55:08.800613	2024-02-23 19:55:08.800613
3	1	CRP	2024-02-23 19:55:08.804096	2024-02-23 19:55:08.804096
4	1	Mg	2024-02-23 19:55:08.807606	2024-02-23 19:55:08.807606
5	1	TP	2024-02-23 19:55:08.811122	2024-02-23 19:55:08.811122
6	2	K 7.0mmol/L	2024-02-23 19:55:08.814506	2024-02-23 19:55:08.814506
7	2	Na 130mmol/L	2024-02-23 19:55:08.817265	2024-02-23 19:55:08.817265
8	2	LD 300U/L	2024-02-23 19:55:08.820208	2024-02-23 19:55:08.820208
9	2	血小板数 50万/pL	2024-02-23 19:55:08.823122	2024-02-23 19:55:08.823122
10	2	ヘモグロビン 15.0g/dL	2024-02-23 19:55:08.826085	2024-02-23 19:55:08.826085
11	3	第1試薬と第2試薬を逆にして測定した。	2024-02-23 19:55:08.828814	2024-02-23 19:55:08.828814
12	3	管理試料を半分の溶解液量で溶解した。	2024-02-23 19:55:08.83159	2024-02-23 19:55:08.83159
13	3	標準物質の濃度を2倍にして測定した。	2024-02-23 19:55:08.835849	2024-02-23 19:55:08.835849
14	3	使用期限が切れた試薬で測定した。	2024-02-23 19:55:08.839278	2024-02-23 19:55:08.839278
15	3	未熟な技量のスタッフが測定した。	2024-02-23 19:55:08.842922	2024-02-23 19:55:08.842922
16	4	硝子円柱	2024-02-23 19:55:08.846139	2024-02-23 19:55:08.846139
17	4	顆粒円柱	2024-02-23 19:55:08.849154	2024-02-23 19:55:08.849154
18	4	脂肪円柱	2024-02-23 19:55:08.852408	2024-02-23 19:55:08.852408
19	4	上皮円柱	2024-02-23 19:55:08.855388	2024-02-23 19:55:08.855388
20	4	赤血球円柱	2024-02-23 19:55:08.858376	2024-02-23 19:55:08.858376
21	5	蟯 虫	2024-02-23 19:55:08.861476	2024-02-23 19:55:08.861476
22	5	ズビニ鉤虫	2024-02-23 19:55:08.864631	2024-02-23 19:55:08.864631
23	5	三日熱マラリア原虫	2024-02-23 19:55:08.867566	2024-02-23 19:55:08.867566
24	5	ガンビアトリパノソーマ	2024-02-23 19:55:08.870461	2024-02-23 19:55:08.870461
25	5	エキノコックス〈多包条虫〉	2024-02-23 19:55:08.873708	2024-02-23 19:55:08.873708
26	6	回虫卵	2024-02-23 19:55:08.877719	2024-02-23 19:55:08.877719
27	6	鉤虫卵	2024-02-23 19:55:08.880896	2024-02-23 19:55:08.880896
28	6	条虫卵	2024-02-23 19:55:08.884109	2024-02-23 19:55:08.884109
29	6	鞭虫卵	2024-02-23 19:55:08.887213	2024-02-23 19:55:08.887213
30	6	横川吸虫卵	2024-02-23 19:55:08.890184	2024-02-23 19:55:08.890184
31	7	薬局で個人購入できる。	2024-02-23 19:55:08.89308	2024-02-23 19:55:08.89308
32	7	疾患の重症度を評価できる。	2024-02-23 19:55:08.896153	2024-02-23 19:55:08.896153
33	7	分子標的薬の有効性を予測できる。	2024-02-23 19:55:08.899129	2024-02-23 19:55:08.899129
34	7	ベッドサイドで結果を評価できる。	2024-02-23 19:55:08.902184	2024-02-23 19:55:08.902184
35	7	医薬品の副作用リスクを評価できる。	2024-02-23 19:55:08.905146	2024-02-23 19:55:08.905146
36	8	梅 毒	2024-02-23 19:55:08.908216	2024-02-23 19:55:08.908216
37	8	B型肝炎	2024-02-23 19:55:08.911163	2024-02-23 19:55:08.911163
38	8	C型肝炎	2024-02-23 19:55:08.914681	2024-02-23 19:55:08.914681
39	8	帯状疱疹	2024-02-23 19:55:08.918122	2024-02-23 19:55:08.918122
40	8	HIV感染症	2024-02-23 19:55:08.921641	2024-02-23 19:55:08.921641
41	9	便	2024-02-23 19:55:08.924661	2024-02-23 19:55:08.924661
42	9	喀 痰	2024-02-23 19:55:08.927651	2024-02-23 19:55:08.927651
43	9	髄 液	2024-02-23 19:55:08.930739	2024-02-23 19:55:08.930739
44	9	自然尿	2024-02-23 19:55:08.933667	2024-02-23 19:55:08.933667
45	9	鼻咽頭粘液	2024-02-23 19:55:08.936619	2024-02-23 19:55:08.936619
46	10	尿 酸	2024-02-23 19:55:08.939477	2024-02-23 19:55:08.939477
47	10	尿素窒素	2024-02-23 19:55:08.942034	2024-02-23 19:55:08.942034
48	10	アルブミン	2024-02-23 19:55:08.944812	2024-02-23 19:55:08.944812
49	10	ナトリウム	2024-02-23 19:55:08.94762	2024-02-23 19:55:08.94762
50	10	クレアチニン	2024-02-23 19:55:08.95044	2024-02-23 19:55:08.95044
51	11	心室頻拍	2024-02-23 19:55:08.954204	2024-02-23 19:55:08.954204
52	11	心房細動	2024-02-23 19:55:08.957283	2024-02-23 19:55:08.957283
53	11	心房粗動	2024-02-23 19:55:08.960329	2024-02-23 19:55:08.960329
54	11	房室ブロック	2024-02-23 19:55:08.963336	2024-02-23 19:55:08.963336
55	11	発作性上室頻拍	2024-02-23 19:55:08.96612	2024-02-23 19:55:08.96612
56	12	Lynch症候群	2024-02-23 19:55:08.968866	2024-02-23 19:55:08.968866
57	12	家族性大腸腺腫症	2024-02-23 19:55:08.971783	2024-02-23 19:55:08.971783
58	12	Li-Fraumeni症候群	2024-02-23 19:55:08.974562	2024-02-23 19:55:08.974562
59	12	von Hippel-Lindau病	2024-02-23 19:55:08.977444	2024-02-23 19:55:08.977444
60	12	遺伝性乳がん卵巣がん症候群	2024-02-23 19:55:08.980225	2024-02-23 19:55:08.980225
61	13	腎性貧血	2024-02-23 19:55:08.98339	2024-02-23 19:55:08.98339
62	13	鉄欠乏性貧血	2024-02-23 19:55:08.986366	2024-02-23 19:55:08.986366
63	13	巨赤芽球性貧血	2024-02-23 19:55:08.989751	2024-02-23 19:55:08.989751
64	13	再生不良性貧血	2024-02-23 19:55:08.992772	2024-02-23 19:55:08.992772
65	13	自己免疫性溶血性貧血	2024-02-23 19:55:08.996087	2024-02-23 19:55:08.996087
66	14	低リン血症	2024-02-23 19:55:08.999068	2024-02-23 19:55:08.999068
67	14	低カリウム血症	2024-02-23 19:55:09.001895	2024-02-23 19:55:09.001895
68	14	低カルシウム血症	2024-02-23 19:55:09.004883	2024-02-23 19:55:09.004883
69	14	低ナトリウム血症	2024-02-23 19:55:09.007807	2024-02-23 19:55:09.007807
70	14	低マグネシウム血症	2024-02-23 19:55:09.010589	2024-02-23 19:55:09.010589
71	15	総コレステロール 220mg/dL以上	2024-02-23 19:55:09.013403	2024-02-23 19:55:09.013403
72	15	トリグリセライド 150mg/dL以上	2024-02-23 19:55:09.016257	2024-02-23 19:55:09.016257
73	15	HDLコレステロール 40mg/dL未満	2024-02-23 19:55:09.019282	2024-02-23 19:55:09.019282
74	15	LDLコレステロール 140mg/dL以上	2024-02-23 19:55:09.022142	2024-02-23 19:55:09.022142
75	15	Non-HDLコレステロール 170mg/dL以上	2024-02-23 19:55:09.025086	2024-02-23 19:55:09.025086
76	16	聴力検査	2024-02-23 19:55:09.028984	2024-02-23 19:55:09.028984
77	16	筋電図検査	2024-02-23 19:55:09.032302	2024-02-23 19:55:09.032302
78	16	心音図検査	2024-02-23 19:55:09.035401	2024-02-23 19:55:09.035401
79	16	超音波検査	2024-02-23 19:55:09.03867	2024-02-23 19:55:09.03867
80	16	熱画像検査	2024-02-23 19:55:09.041666	2024-02-23 19:55:09.041666
81	17	アースの接続を確認する。	2024-02-23 19:55:09.044621	2024-02-23 19:55:09.044621
82	17	患者に力を抜いてもらう。	2024-02-23 19:55:09.047385	2024-02-23 19:55:09.047385
83	17	電動ベッドの電源を抜く。	2024-02-23 19:55:09.050449	2024-02-23 19:55:09.050449
84	17	電極と誘導コードの接続を確認する。	2024-02-23 19:55:09.053332	2024-02-23 19:55:09.053332
85	17	記録の間、患者に呼吸を止めてもらう。	2024-02-23 19:55:09.056246	2024-02-23 19:55:09.056246
86	18	連続性雑音	2024-02-23 19:55:09.059125	2024-02-23 19:55:09.059125
87	18	収縮後期雑音	2024-02-23 19:55:09.062409	2024-02-23 19:55:09.062409
88	18	全収縮期雑音	2024-02-23 19:55:09.065857	2024-02-23 19:55:09.065857
89	18	拡張期逆流性雑音	2024-02-23 19:55:09.068953	2024-02-23 19:55:09.068953
90	18	収縮期駆出性雑音	2024-02-23 19:55:09.07247	2024-02-23 19:55:09.07247
91	19	30	2024-02-23 19:55:09.075382	2024-02-23 19:55:09.075382
92	19	35	2024-02-23 19:55:09.078288	2024-02-23 19:55:09.078288
93	19	40	2024-02-23 19:55:09.081302	2024-02-23 19:55:09.081302
94	19	45	2024-02-23 19:55:09.084292	2024-02-23 19:55:09.084292
95	19	50	2024-02-23 19:55:09.087219	2024-02-23 19:55:09.087219
96	20	Boyle-Charlesの法則	2024-02-23 19:55:09.090085	2024-02-23 19:55:09.090085
97	20	Daltonの法則	2024-02-23 19:55:09.092978	2024-02-23 19:55:09.092978
98	20	Fickの法則	2024-02-23 19:55:09.097042	2024-02-23 19:55:09.097042
99	20	Henryの法則	2024-02-23 19:55:09.099923	2024-02-23 19:55:09.099923
100	20	Lambert-Beerの法則	2024-02-23 19:55:09.102956	2024-02-23 19:55:09.102956
101	21	呼吸数	2024-02-23 19:55:09.10691	2024-02-23 19:55:09.10691
102	21	酸素摂取量	2024-02-23 19:55:09.110118	2024-02-23 19:55:09.110118
103	21	肺胞換気量	2024-02-23 19:55:09.113115	2024-02-23 19:55:09.113115
104	21	分時換気量	2024-02-23 19:55:09.116099	2024-02-23 19:55:09.116099
105	21	二酸化炭素排出量	2024-02-23 19:55:09.118947	2024-02-23 19:55:09.118947
106	22	Ⅰa 線維	2024-02-23 19:55:09.121924	2024-02-23 19:55:09.121924
107	22	骨格筋細胞	2024-02-23 19:55:09.124661	2024-02-23 19:55:09.124661
108	22	7運動ニューロン	2024-02-23 19:55:09.127562	2024-02-23 19:55:09.127562
109	22	下位運動ニューロン	2024-02-23 19:55:09.130455	2024-02-23 19:55:09.130455
110	22	上位運動ニューロン	2024-02-23 19:55:09.133168	2024-02-23 19:55:09.133168
111	23	時定数は0.1秒が標準である。	2024-02-23 19:55:09.135916	2024-02-23 19:55:09.135916
112	23	T6は右側頭葉の後方に相当する。	2024-02-23 19:55:09.138873	2024-02-23 19:55:09.138873
113	23	脳死判定では測定感度は20pV/mmで記録する。	2024-02-23 19:55:09.142448	2024-02-23 19:55:09.142448
114	23	てんかん発作が起きたときは直ちに記録を中止する。	2024-02-23 19:55:09.145642	2024-02-23 19:55:09.145642
115	23	サンプリング周波数200Hzで高域は120Hzまで正しく記録できる。	2024-02-23 19:55:09.148902	2024-02-23 19:55:09.148902
116	24	組織ドプラ法	2024-02-23 19:55:09.151824	2024-02-23 19:55:09.151824
117	24	カラードプラ法	2024-02-23 19:55:09.154697	2024-02-23 19:55:09.154697
118	24	パルスドプラ法	2024-02-23 19:55:09.157801	2024-02-23 19:55:09.157801
119	24	パワードプラ法	2024-02-23 19:55:09.160879	2024-02-23 19:55:09.160879
120	24	連続波ドプラ法	2024-02-23 19:55:09.163925	2024-02-23 19:55:09.163925
121	25	正常パターン	2024-02-23 19:55:09.166925	2024-02-23 19:55:09.166925
122	25	弛緩障害パターン	2024-02-23 19:55:09.169865	2024-02-23 19:55:09.169865
123	25	偽正常化パターン	2024-02-23 19:55:09.173061	2024-02-23 19:55:09.173061
124	25	拘束パターン	2024-02-23 19:55:09.175899	2024-02-23 19:55:09.175899
125	25	判定不可能	2024-02-23 19:55:09.178854	2024-02-23 19:55:09.178854
126	26	①	2024-02-23 19:55:09.182557	2024-02-23 19:55:09.182557
127	26	②	2024-02-23 19:55:09.185735	2024-02-23 19:55:09.185735
128	26	③	2024-02-23 19:55:09.188908	2024-02-23 19:55:09.188908
129	26	④	2024-02-23 19:55:09.191903	2024-02-23 19:55:09.191903
130	26	⑤	2024-02-23 19:55:09.194798	2024-02-23 19:55:09.194798
131	27	腟	2024-02-23 19:55:09.197579	2024-02-23 19:55:09.197579
132	27	子 宮	2024-02-23 19:55:09.20039	2024-02-23 19:55:09.20039
133	27	直   腸	2024-02-23 19:55:09.203171	2024-02-23 19:55:09.203171
134	27	膀 胱	2024-02-23 19:55:09.206199	2024-02-23 19:55:09.206199
135	27	卵 巣	2024-02-23 19:55:09.209322	2024-02-23 19:55:09.209322
136	28	外耳道	2024-02-23 19:55:09.212195	2024-02-23 19:55:09.212195
137	28	鼓 膜	2024-02-23 19:55:09.215226	2024-02-23 19:55:09.215226
138	28	耳小骨	2024-02-23 19:55:09.218763	2024-02-23 19:55:09.218763
139	28	内 耳	2024-02-23 19:55:09.221793	2024-02-23 19:55:09.221793
140	28	蝸牛神経	2024-02-23 19:55:09.225035	2024-02-23 19:55:09.225035
141	29	鉄欠乏性貧血で高値になる。	2024-02-23 19:55:09.228	2024-02-23 19:55:09.228
142	29	基準範囲は6.2％以下である。	2024-02-23 19:55:09.230949	2024-02-23 19:55:09.230949
143	29	約2か月間の血糖値の平均を反映する。	2024-02-23 19:55:09.234141	2024-02-23 19:55:09.234141
144	29	バリンに安定的に糖が結合したものである。	2024-02-23 19:55:09.237098	2024-02-23 19:55:09.237098
145	29	透析患者の血糖コントロールの指標に適している。	2024-02-23 19:55:09.240139	2024-02-23 19:55:09.240139
146	30	静脈 ＞ 動脈 ＞ 毛細血管	2024-02-23 19:55:09.24317	2024-02-23 19:55:09.24317
147	30	静脈 ＞ 毛細血管 ＞ 動脈	2024-02-23 19:55:09.246139	2024-02-23 19:55:09.246139
148	30	動脈 ＞ 静脈 ＞ 毛細血管	2024-02-23 19:55:09.249178	2024-02-23 19:55:09.249178
149	30	動脈 ＞ 毛細血管 ＞ 静脈	2024-02-23 19:55:09.252124	2024-02-23 19:55:09.252124
150	30	毛細血管 ＞ 静脈 ＞ 動脈	2024-02-23 19:55:09.255076	2024-02-23 19:55:09.255076
151	31	A-Ⅰ　-----　LCATの活性化	2024-02-23 19:55:09.259089	2024-02-23 19:55:09.259089
152	31	B-100　-----　VLDLの分泌	2024-02-23 19:55:09.262332	2024-02-23 19:55:09.262332
153	31	B-48　-----　カイロミクロンの分泌	2024-02-23 19:55:09.265438	2024-02-23 19:55:09.265438
154	31	C-Ⅲ　-----　LPLの活性化	2024-02-23 19:55:09.268452	2024-02-23 19:55:09.268452
155	31	E　-----　LDL受容体との結合	2024-02-23 19:55:09.271235	2024-02-23 19:55:09.271235
156	32	Km 値＜＜［S］のとき1次反応に近似する。	2024-02-23 19:55:09.274011	2024-02-23 19:55:09.274011
157	32	初速度法による［S］測定は0次反応領域で行う。	2024-02-23 19:55:09.276824	2024-02-23 19:55:09.276824
158	32	Km 値が大きいほど酵素と基質の親和性は大きい。	2024-02-23 19:55:09.279881	2024-02-23 19:55:09.279881
159	32	Km値は反応速度がVmaxの1/2を示す［S］である。	2024-02-23 19:55:09.282595	2024-02-23 19:55:09.282595
160	32	終点分析法による［S］測定にはVmaxが大きい酵素を使用する。	2024-02-23 19:55:09.285387	2024-02-23 19:55:09.285387
161	33	Na＋	2024-02-23 19:55:09.288214	2024-02-23 19:55:09.288214
162	33	Ca2＋	2024-02-23 19:55:09.29133	2024-02-23 19:55:09.29133
163	33	Cl－	2024-02-23 19:55:09.294891	2024-02-23 19:55:09.294891
164	33	HCO3－	2024-02-23 19:55:09.298195	2024-02-23 19:55:09.298195
165	33	H2PO4－	2024-02-23 19:55:09.301801	2024-02-23 19:55:09.301801
166	34	妊娠糖尿病ではインスリン抵抗性が低い。	2024-02-23 19:55:09.304841	2024-02-23 19:55:09.304841
167	34	HbA1c の生成にはアマドリ転移が関与する。	2024-02-23 19:55:09.307793	2024-02-23 19:55:09.307793
168	34	腎臓の糖排泄閾値は160～180mg/dLである。	2024-02-23 19:55:09.310944	2024-02-23 19:55:09.310944
169	34	ムタロターゼはグルコースのα型からβ型への変換を行う。	2024-02-23 19:55:09.314012	2024-02-23 19:55:09.314012
170	34	SGLT2〈Sodium-glucose co-transporter 2〉は近位尿細管に存在する。	2024-02-23 19:55:09.317008	2024-02-23 19:55:09.317008
171	35	レチノール	2024-02-23 19:55:09.320011	2024-02-23 19:55:09.320011
172	35	アラキドン酸	2024-02-23 19:55:09.322874	2024-02-23 19:55:09.322874
173	35	トリグリセライド	2024-02-23 19:55:09.32594	2024-02-23 19:55:09.32594
174	35	スフィンゴミエリン	2024-02-23 19:55:09.328839	2024-02-23 19:55:09.328839
175	35	ホスファチジルエタノールアミン	2024-02-23 19:55:09.33172	2024-02-23 19:55:09.33172
176	36	Bq	2024-02-23 19:55:09.335619	2024-02-23 19:55:09.335619
177	36	C・kg－1	2024-02-23 19:55:09.338751	2024-02-23 19:55:09.338751
178	36	eV	2024-02-23 19:55:09.341872	2024-02-23 19:55:09.341872
179	36	Gy	2024-02-23 19:55:09.345088	2024-02-23 19:55:09.345088
180	36	Sv	2024-02-23 19:55:09.347975	2024-02-23 19:55:09.347975
181	37	プロリン	2024-02-23 19:55:09.350864	2024-02-23 19:55:09.350864
182	37	アルギニン	2024-02-23 19:55:09.353977	2024-02-23 19:55:09.353977
183	37	ヒスチジン	2024-02-23 19:55:09.357049	2024-02-23 19:55:09.357049
184	37	メチオニン	2024-02-23 19:55:09.359937	2024-02-23 19:55:09.359937
185	37	トリプトファン	2024-02-23 19:55:09.362817	2024-02-23 19:55:09.362817
186	38	0.15	2024-02-23 19:55:09.36568	2024-02-23 19:55:09.36568
187	38	1.5	2024-02-23 19:55:09.368745	2024-02-23 19:55:09.368745
188	38	15	2024-02-23 19:55:09.372394	2024-02-23 19:55:09.372394
189	38	150	2024-02-23 19:55:09.375532	2024-02-23 19:55:09.375532
190	38	1,500	2024-02-23 19:55:09.378848	2024-02-23 19:55:09.378848
191	39	分子量の大きい物質ほど早く飛行する。	2024-02-23 19:55:09.381749	2024-02-23 19:55:09.381749
192	39	飛行速度は物質の電荷の影響を受けない。	2024-02-23 19:55:09.38465	2024-02-23 19:55:09.38465
193	39	測定対象物質は大気圧の空気中を飛行する。	2024-02-23 19:55:09.387713	2024-02-23 19:55:09.387713
194	39	イオン化はレーザーのパルス照射により行う。	2024-02-23 19:55:09.390637	2024-02-23 19:55:09.390637
195	39	タンデム質量分析装置は2台の質量分析部を並列に接続する。	2024-02-23 19:55:09.393582	2024-02-23 19:55:09.393582
196	40	胎盤型は耐熱性である。	2024-02-23 19:55:09.396535	2024-02-23 19:55:09.396535
197	40	骨型は成人よりも小児で高い。	2024-02-23 19:55:09.399412	2024-02-23 19:55:09.399412
198	40	小腸型は高脂肪食で上昇する。	2024-02-23 19:55:09.402436	2024-02-23 19:55:09.402436
199	40	高分子肝型は閉塞性黄疸で上昇する。	2024-02-23 19:55:09.405343	2024-02-23 19:55:09.405343
200	40	免疫グロブリン結合型は電気泳動で最も陽極側に検出される。	2024-02-23 19:55:09.408192	2024-02-23 19:55:09.408192
201	41	核	2024-02-23 19:55:09.412101	2024-02-23 19:55:09.412101
202	41	ゴルジ体	2024-02-23 19:55:09.415222	2024-02-23 19:55:09.415222
203	41	リソソーム	2024-02-23 19:55:09.418302	2024-02-23 19:55:09.418302
204	41	ミトコンドリア	2024-02-23 19:55:09.421418	2024-02-23 19:55:09.421418
205	41	ペルオキシソーム	2024-02-23 19:55:09.424352	2024-02-23 19:55:09.424352
206	42	白血病	2024-02-23 19:55:09.427299	2024-02-23 19:55:09.427299
207	42	急性肝炎	2024-02-23 19:55:09.430402	2024-02-23 19:55:09.430402
208	42	心筋梗塞	2024-02-23 19:55:09.433433	2024-02-23 19:55:09.433433
209	42	多発性筋炎	2024-02-23 19:55:09.43625	2024-02-23 19:55:09.43625
210	42	溶血性貧血	2024-02-23 19:55:09.439296	2024-02-23 19:55:09.439296
211	43	葉 酸	2024-02-23 19:55:09.442474	2024-02-23 19:55:09.442474
212	43	ビタミンB6	2024-02-23 19:55:09.445896	2024-02-23 19:55:09.445896
213	43	ビタミンB12	2024-02-23 19:55:09.449716	2024-02-23 19:55:09.449716
214	43	ビタミンC	2024-02-23 19:55:09.453046	2024-02-23 19:55:09.453046
215	43	ビタミンK	2024-02-23 19:55:09.456256	2024-02-23 19:55:09.456256
216	44	ALP	2024-02-23 19:55:09.459625	2024-02-23 19:55:09.459625
217	44	AMY	2024-02-23 19:55:09.46256	2024-02-23 19:55:09.46256
218	44	AST	2024-02-23 19:55:09.465464	2024-02-23 19:55:09.465464
219	44	LD	2024-02-23 19:55:09.468473	2024-02-23 19:55:09.468473
220	44	7-GT	2024-02-23 19:55:09.471421	2024-02-23 19:55:09.471421
221	45	NILM	2024-02-23 19:55:09.474318	2024-02-23 19:55:09.474318
222	45	LSIL	2024-02-23 19:55:09.477203	2024-02-23 19:55:09.477203
223	45	HSIL	2024-02-23 19:55:09.480122	2024-02-23 19:55:09.480122
224	45	Squamous cell carcinoma	2024-02-23 19:55:09.482922	2024-02-23 19:55:09.482922
225	45	Adenocarcinoma	2024-02-23 19:55:09.485781	2024-02-23 19:55:09.485781
226	46	人体の正常な構造を明らかにすること。	2024-02-23 19:55:09.489266	2024-02-23 19:55:09.489266
227	46	犯罪との関係が疑われる死体を調べること。	2024-02-23 19:55:09.492787	2024-02-23 19:55:09.492787
228	46	災害で亡くなった人の死因を明らかにすること。	2024-02-23 19:55:09.496216	2024-02-23 19:55:09.496216
229	46	生前に行われた治療の効果を明らかにすること。	2024-02-23 19:55:09.499059	2024-02-23 19:55:09.499059
230	46	病気で亡くなった人の死因を明らかにすること。	2024-02-23 19:55:09.50191	2024-02-23 19:55:09.50191
231	47	ホルマリン固定不足	2024-02-23 19:55:09.504808	2024-02-23 19:55:09.504808
232	47	パラフィン浸透不足	2024-02-23 19:55:09.507591	2024-02-23 19:55:09.507591
233	47	薄切の面出し不足	2024-02-23 19:55:09.510392	2024-02-23 19:55:09.510392
234	47	切片の伸展不足	2024-02-23 19:55:09.513172	2024-02-23 19:55:09.513172
235	47	染色時の切片剝離	2024-02-23 19:55:09.516088	2024-02-23 19:55:09.516088
236	48	Nile blue染色	2024-02-23 19:55:09.518835	2024-02-23 19:55:09.518835
237	48	Berlin blue染色	2024-02-23 19:55:09.521701	2024-02-23 19:55:09.521701
238	48	Alcian blue染色	2024-02-23 19:55:09.524589	2024-02-23 19:55:09.524589
239	48	Victoria blue染色	2024-02-23 19:55:09.52805	2024-02-23 19:55:09.52805
240	48	toluidine blue染色	2024-02-23 19:55:09.531441	2024-02-23 19:55:09.531441
241	49	カルシトニン	2024-02-23 19:55:09.534383	2024-02-23 19:55:09.534383
242	49	パラトルモン	2024-02-23 19:55:09.53726	2024-02-23 19:55:09.53726
243	49	ソマトスタチン	2024-02-23 19:55:09.540233	2024-02-23 19:55:09.540233
244	49	サイログロブリン	2024-02-23 19:55:09.543073	2024-02-23 19:55:09.543073
245	49	甲状腺刺激ホルモン	2024-02-23 19:55:09.545867	2024-02-23 19:55:09.545867
246	50	心 筋	2024-02-23 19:55:09.54865	2024-02-23 19:55:09.54865
247	50	舌 筋	2024-02-23 19:55:09.55177	2024-02-23 19:55:09.55177
248	50	横隔膜	2024-02-23 19:55:09.554582	2024-02-23 19:55:09.554582
249	50	表情筋	2024-02-23 19:55:09.557372	2024-02-23 19:55:09.557372
250	50	子宮筋層	2024-02-23 19:55:09.560396	2024-02-23 19:55:09.560396
251	51	喫 煙	2024-02-23 19:55:09.562998	2024-02-23 19:55:09.562998
252	51	悪性腫瘍	2024-02-23 19:55:09.566965	2024-02-23 19:55:09.566965
253	51	心房細動	2024-02-23 19:55:09.570008	2024-02-23 19:55:09.570008
254	51	脂質異常症	2024-02-23 19:55:09.573576	2024-02-23 19:55:09.573576
255	51	ビタミンK欠乏	2024-02-23 19:55:09.577074	2024-02-23 19:55:09.577074
256	52	腺 癌	2024-02-23 19:55:09.58003	2024-02-23 19:55:09.58003
257	52	小細胞癌	2024-02-23 19:55:09.582627	2024-02-23 19:55:09.582627
258	52	大細胞癌	2024-02-23 19:55:09.585359	2024-02-23 19:55:09.585359
259	52	扁平上皮癌	2024-02-23 19:55:09.587957	2024-02-23 19:55:09.587957
260	52	悪性中皮腫	2024-02-23 19:55:09.590546	2024-02-23 19:55:09.590546
261	53	3％塩酸水溶液	2024-02-23 19:55:09.593257	2024-02-23 19:55:09.593257
262	53	5％硝酸水溶液	2024-02-23 19:55:09.596043	2024-02-23 19:55:09.596043
263	53	5％トリクロロ酢酸水溶液	2024-02-23 19:55:09.598686	2024-02-23 19:55:09.598686
264	53	エチレンジアミン四酢酸〈EDTA〉液	2024-02-23 19:55:09.601998	2024-02-23 19:55:09.601998
265	53	プランク・リクロ〈Plank-Rychlo〉液	2024-02-23 19:55:09.604715	2024-02-23 19:55:09.604715
266	54	尿	2024-02-23 19:55:09.60743	2024-02-23 19:55:09.60743
267	54	胸 水	2024-02-23 19:55:09.610634	2024-02-23 19:55:09.610634
268	54	膵 液	2024-02-23 19:55:09.61341	2024-02-23 19:55:09.61341
269	54	髄 液	2024-02-23 19:55:09.616171	2024-02-23 19:55:09.616171
270	54	胆 汁	2024-02-23 19:55:09.618984	2024-02-23 19:55:09.618984
271	55	好中球浸潤	2024-02-23 19:55:09.621681	2024-02-23 19:55:09.621681
272	55	リンパ球浸潤	2024-02-23 19:55:09.624489	2024-02-23 19:55:09.624489
273	55	血漿成分の滲出	2024-02-23 19:55:09.62727	2024-02-23 19:55:09.62727
274	55	組織構築の改変	2024-02-23 19:55:09.630188	2024-02-23 19:55:09.630188
275	55	線維芽細胞の増殖	2024-02-23 19:55:09.632954	2024-02-23 19:55:09.632954
276	56	大動脈	2024-02-23 19:55:09.63572	2024-02-23 19:55:09.63572
277	56	肺動脈	2024-02-23 19:55:09.639067	2024-02-23 19:55:09.639067
278	56	臍帯動脈	2024-02-23 19:55:09.642112	2024-02-23 19:55:09.642112
279	56	気管支動脈	2024-02-23 19:55:09.645354	2024-02-23 19:55:09.645354
280	56	総腸骨動脈	2024-02-23 19:55:09.648137	2024-02-23 19:55:09.648137
281	57	塩 酸	2024-02-23 19:55:09.650874	2024-02-23 19:55:09.650874
282	57	酢 酸	2024-02-23 19:55:09.653752	2024-02-23 19:55:09.653752
283	57	硫 酸	2024-02-23 19:55:09.656492	2024-02-23 19:55:09.656492
284	57	アンモニア	2024-02-23 19:55:09.659381	2024-02-23 19:55:09.659381
285	57	炭酸リチウム	2024-02-23 19:55:09.662188	2024-02-23 19:55:09.662188
286	58	肺	2024-02-23 19:55:09.665093	2024-02-23 19:55:09.665093
287	58	気 管	2024-02-23 19:55:09.667871	2024-02-23 19:55:09.667871
288	58	胸 腺	2024-02-23 19:55:09.67071	2024-02-23 19:55:09.67071
289	58	食 道	2024-02-23 19:55:09.67357	2024-02-23 19:55:09.67357
290	58	心 臓	2024-02-23 19:55:09.677336	2024-02-23 19:55:09.677336
291	59	Bリンパ球は胸腺で成熟する。	2024-02-23 19:55:09.680388	2024-02-23 19:55:09.680388
292	59	髄外造血は胎生期に認められる。	2024-02-23 19:55:09.683432	2024-02-23 19:55:09.683432
293	59	免疫グロブリンは肝臓で合成される。	2024-02-23 19:55:09.686585	2024-02-23 19:55:09.686585
294	59	エリスロポエチンは骨髄で産生される。	2024-02-23 19:55:09.689364	2024-02-23 19:55:09.689364
295	59	トロンボポエチンは脾臓で産生される。	2024-02-23 19:55:09.69216	2024-02-23 19:55:09.69216
296	60	正常赤芽球はPAS染色で陰性となる。	2024-02-23 19:55:09.695122	2024-02-23 19:55:09.695122
297	60	鉄染色は鉄芽球性貧血の診断に有用である。	2024-02-23 19:55:09.697941	2024-02-23 19:55:09.697941
298	60	May-Giemsa染色は細胞形態の観察に適する。	2024-02-23 19:55:09.700744	2024-02-23 19:55:09.700744
299	60	成熟好中球はペルオキシダーゼ染色で陽性となる。	2024-02-23 19:55:09.703544	2024-02-23 19:55:09.703544
300	60	特異的エステラーゼ染色はフッ化ナトリウムで阻害される。	2024-02-23 19:55:09.70636	2024-02-23 19:55:09.70636
301	61	関節リウマチ	2024-02-23 19:55:09.709413	2024-02-23 19:55:09.709413
302	61	真性赤血球増加症	2024-02-23 19:55:09.713043	2024-02-23 19:55:09.713043
303	61	ネフローゼ症候群	2024-02-23 19:55:09.716121	2024-02-23 19:55:09.716121
304	61	原発性マクログロブリン血症	2024-02-23 19:55:09.719108	2024-02-23 19:55:09.719108
305	61	先天性無フィブリノゲン血症	2024-02-23 19:55:09.7223	2024-02-23 19:55:09.7223
306	62	寒冷凝集素　-----　赤血球数偽低値	2024-02-23 19:55:09.725119	2024-02-23 19:55:09.725119
307	62	巨大血小板　-----　血小板数偽高値	2024-02-23 19:55:09.727912	2024-02-23 19:55:09.727912
308	62	破砕赤血球　-----　血小板数偽低値	2024-02-23 19:55:09.730947	2024-02-23 19:55:09.730947
309	62	有核赤血球　-----　白血球数偽低値	2024-02-23 19:55:09.733802	2024-02-23 19:55:09.733802
310	62	クリオグロブリン　-----　白血球数偽高値	2024-02-23 19:55:09.736627	2024-02-23 19:55:09.736627
311	63	大型細胞は引き終わりに分布しやすい。	2024-02-23 19:55:09.739434	2024-02-23 19:55:09.739434
312	63	塗抹後は速やかに温風で十分に乾燥させる。	2024-02-23 19:55:09.742382	2024-02-23 19:55:09.742382
313	63	塗抹の厚さは引きガラスの角度に影響される。	2024-02-23 19:55:09.745235	2024-02-23 19:55:09.745235
314	63	塗抹スピードが速いと塗抹面の長さは短くなる。	2024-02-23 19:55:09.748097	2024-02-23 19:55:09.748097
315	63	血球形態への影響を避けるため採血後速やかに作製する。	2024-02-23 19:55:09.751492	2024-02-23 19:55:09.751492
316	64	急性単球性白血病	2024-02-23 19:55:09.754567	2024-02-23 19:55:09.754567
317	64	急性リンパ性白血病	2024-02-23 19:55:09.757944	2024-02-23 19:55:09.757944
318	64	成人T細胞白血病	2024-02-23 19:55:09.760842	2024-02-23 19:55:09.760842
319	64	慢性骨髄単球性白血病	2024-02-23 19:55:09.763658	2024-02-23 19:55:09.763658
320	64	慢性リンパ性白血病	2024-02-23 19:55:09.76666	2024-02-23 19:55:09.76666
321	65	核小体を認める。	2024-02-23 19:55:09.769494	2024-02-23 19:55:09.769494
322	65	N/C比が小さい。	2024-02-23 19:55:09.772328	2024-02-23 19:55:09.772328
323	65	二次顆粒を認める。	2024-02-23 19:55:09.775123	2024-02-23 19:55:09.775123
324	65	細胞質は好塩基性が強い。	2024-02-23 19:55:09.778055	2024-02-23 19:55:09.778055
325	65	核クロマチン構造が粗剛である。	2024-02-23 19:55:09.780884	2024-02-23 19:55:09.780884
326	66	急性炎症で上昇する。	2024-02-23 19:55:09.783728	2024-02-23 19:55:09.783728
327	66	血中で最も高濃度な蛋白質である。	2024-02-23 19:55:09.786584	2024-02-23 19:55:09.786584
328	66	トロンビン時間法により測定される。	2024-02-23 19:55:09.79002	2024-02-23 19:55:09.79002
329	66	3種類のペプチド鎖が3量体になった構造である。	2024-02-23 19:55:09.793385	2024-02-23 19:55:09.793385
330	66	プラスミンで分解されるとDダイマーが遊離する。	2024-02-23 19:55:09.796381	2024-02-23 19:55:09.796381
331	67	ヘムには3価の鉄原子が含まれる。	2024-02-23 19:55:09.799236	2024-02-23 19:55:09.799236
332	67	鉄は血漿中でトランスフェリンに結合している。	2024-02-23 19:55:09.802191	2024-02-23 19:55:09.802191
333	67	赤血球におけるATP供給はクエン酸回路による。	2024-02-23 19:55:09.804949	2024-02-23 19:55:09.804949
334	67	ヘモグロビンの酸素飽和性はpHが上昇すると減少する。	2024-02-23 19:55:09.807784	2024-02-23 19:55:09.807784
335	67	健常成人のヘモグロビンの約50％をヘモグロビンA2が占める。	2024-02-23 19:55:09.810594	2024-02-23 19:55:09.810594
336	68	Bacillus cereus	2024-02-23 19:55:09.813568	2024-02-23 19:55:09.813568
337	68	Escherichia coli	2024-02-23 19:55:09.81637	2024-02-23 19:55:09.81637
338	68	Mycobacterium tuberculosis	2024-02-23 19:55:09.819172	2024-02-23 19:55:09.819172
339	68	Staphylococcus aureus	2024-02-23 19:55:09.822027	2024-02-23 19:55:09.822027
340	68	Vibrio parahaemolyticus	2024-02-23 19:55:09.824818	2024-02-23 19:55:09.824818
341	69	アミカシン	2024-02-23 19:55:09.828601	2024-02-23 19:55:09.828601
342	69	イソニアジド	2024-02-23 19:55:09.831677	2024-02-23 19:55:09.831677
343	69	リファンピシン	2024-02-23 19:55:09.834722	2024-02-23 19:55:09.834722
344	69	レボフロキサシン	2024-02-23 19:55:09.837815	2024-02-23 19:55:09.837815
345	69	ストレプトマイシン	2024-02-23 19:55:09.840626	2024-02-23 19:55:09.840626
346	70	Aeromonas hydrophila	2024-02-23 19:55:09.843416	2024-02-23 19:55:09.843416
347	70	Campylobacter jejuni	2024-02-23 19:55:09.846667	2024-02-23 19:55:09.846667
348	70	Helicobacter pylori	2024-02-23 19:55:09.84956	2024-02-23 19:55:09.84956
349	70	Vibrio parahaemolyticus	2024-02-23 19:55:09.852483	2024-02-23 19:55:09.852483
350	70	Yersinia enterocolitica	2024-02-23 19:55:09.855424	2024-02-23 19:55:09.855424
351	71	メチシリン耐性黄色ブドウ球菌〈MRSA〉	2024-02-23 19:55:09.858508	2024-02-23 19:55:09.858508
352	71	バンコマイシン耐性腸球菌〈VRE〉	2024-02-23 19:55:09.861626	2024-02-23 19:55:09.861626
353	71	多剤耐性緑膿菌〈MDRP〉	2024-02-23 19:55:09.865186	2024-02-23 19:55:09.865186
354	71	多剤耐性アシネトバクター〈MDRA〉	2024-02-23 19:55:09.868443	2024-02-23 19:55:09.868443
355	71	基質拡張型β-ラクタマーゼ〈ESBL〉産生大腸菌	2024-02-23 19:55:09.871639	2024-02-23 19:55:09.871639
356	72	Chlamydia trachomatis	2024-02-23 19:55:09.875038	2024-02-23 19:55:09.875038
357	72	Cryptococcus neoformans	2024-02-23 19:55:09.877952	2024-02-23 19:55:09.877952
358	72	Nocardia asteroides	2024-02-23 19:55:09.880781	2024-02-23 19:55:09.880781
359	72	Pneumocystis jirovecii	2024-02-23 19:55:09.883874	2024-02-23 19:55:09.883874
360	72	Treponema pallidum	2024-02-23 19:55:09.886687	2024-02-23 19:55:09.886687
361	73	Bordet-Gengou培地　-----　選択分離	2024-02-23 19:55:09.889489	2024-02-23 19:55:09.889489
362	73	Cary-Blair培地　-----　性状確認	2024-02-23 19:55:09.892421	2024-02-23 19:55:09.892421
363	73	KingA培地　-----　検体輸送	2024-02-23 19:55:09.895327	2024-02-23 19:55:09.895327
364	73	LIM培地　-----　選択増菌	2024-02-23 19:55:09.898298	2024-02-23 19:55:09.898298
365	73	Mueller-Hinton寒天培地　-----　薬剤感受性検査	2024-02-23 19:55:09.901287	2024-02-23 19:55:09.901287
366	74	無菌操作の前	2024-02-23 19:55:09.904723	2024-02-23 19:55:09.904723
367	74	患者に触れる前	2024-02-23 19:55:09.907821	2024-02-23 19:55:09.907821
368	74	患者に触れた後	2024-02-23 19:55:09.911113	2024-02-23 19:55:09.911113
369	74	患者周辺の物品に触れる前	2024-02-23 19:55:09.914031	2024-02-23 19:55:09.914031
370	74	体液に曝露された可能性のある場合	2024-02-23 19:55:09.916818	2024-02-23 19:55:09.916818
371	75	Clostridium tetani　-----　神経毒素	2024-02-23 19:55:09.919735	2024-02-23 19:55:09.919735
372	75	Enterohemorrhagic Escherichia coli〈EHEC〉　-----　ベロ毒素	2024-02-23 19:55:09.9225	2024-02-23 19:55:09.9225
373	75	Staphylococcus aureus　-----　エンテロトキシン	2024-02-23 19:55:09.925298	2024-02-23 19:55:09.925298
374	75	Streptococcus pyogenes　------　毒素性ショック症候群毒素	2024-02-23 19:55:09.928126	2024-02-23 19:55:09.928126
375	75	Vibrio parahaemolyticus　-----　耐熱性溶血毒	2024-02-23 19:55:09.931078	2024-02-23 19:55:09.931078
376	76	Giménez染色	2024-02-23 19:55:09.933876	2024-02-23 19:55:09.933876
377	76	Hiss法	2024-02-23 19:55:09.936707	2024-02-23 19:55:09.936707
378	76	Leifson法	2024-02-23 19:55:09.939655	2024-02-23 19:55:09.939655
379	76	Neisser法	2024-02-23 19:55:09.943274	2024-02-23 19:55:09.943274
380	76	Wirtz法	2024-02-23 19:55:09.947	2024-02-23 19:55:09.947
381	77	アンピシリン	2024-02-23 19:55:09.949806	2024-02-23 19:55:09.949806
382	77	イミペネム	2024-02-23 19:55:09.952609	2024-02-23 19:55:09.952609
383	77	エリスロマイシン	2024-02-23 19:55:09.955216	2024-02-23 19:55:09.955216
384	77	ゲンタマイシン	2024-02-23 19:55:09.957911	2024-02-23 19:55:09.957911
385	77	セファゾリン	2024-02-23 19:55:09.960893	2024-02-23 19:55:09.960893
386	78	コクサッキーウイルス　-----　尿道炎	2024-02-23 19:55:09.963517	2024-02-23 19:55:09.963517
387	78	サイトメガロウイルス　-----　手足口病	2024-02-23 19:55:09.96589	2024-02-23 19:55:09.96589
388	78	デングウイルス　-----　肺 炎	2024-02-23 19:55:09.968225	2024-02-23 19:55:09.968225
389	78	ヒトパルボウイルス　-----　伝染性紅斑	2024-02-23 19:55:09.970856	2024-02-23 19:55:09.970856
390	78	ヒトRSウイルス　----　脳 炎	2024-02-23 19:55:09.973819	2024-02-23 19:55:09.973819
391	79	第9染色体短腕上に存在する。	2024-02-23 19:55:09.977483	2024-02-23 19:55:09.977483
392	79	ヘルパーT細胞はクラスⅠ分子と反応する。	2024-02-23 19:55:09.980677	2024-02-23 19:55:09.980677
393	79	CD4分子の結合部位はβ2ドメインに存在する。	2024-02-23 19:55:09.98365	2024-02-23 19:55:09.98365
394	79	クラスⅠ分子の発現は抗原提示細胞に限局される。	2024-02-23 19:55:09.987092	2024-02-23 19:55:09.987092
395	79	β2 -ミクログロブリン遺伝子は多型性に富んでいる。	2024-02-23 19:55:09.989675	2024-02-23 19:55:09.989675
396	80	CD3陽性細胞	2024-02-23 19:55:09.992134	2024-02-23 19:55:09.992134
397	80	CD4陽性細胞	2024-02-23 19:55:09.994943	2024-02-23 19:55:09.994943
398	80	CD8陽性細胞	2024-02-23 19:55:09.997779	2024-02-23 19:55:09.997779
399	80	CD19陽性細胞	2024-02-23 19:55:10.000721	2024-02-23 19:55:10.000721
400	80	CD56陽性細胞	2024-02-23 19:55:10.003713	2024-02-23 19:55:10.003713
401	81	HBs抗体	2024-02-23 19:55:10.006692	2024-02-23 19:55:10.006692
402	81	HCV抗体	2024-02-23 19:55:10.00956	2024-02-23 19:55:10.00956
403	81	HTLV-1抗体	2024-02-23 19:55:10.01248	2024-02-23 19:55:10.01248
404	81	マイコプラズマ抗体	2024-02-23 19:55:10.015977	2024-02-23 19:55:10.015977
405	81	Donath-Landsteiner抗体	2024-02-23 19:55:10.019129	2024-02-23 19:55:10.019129
406	82	CREST症候群	2024-02-23 19:55:10.022487	2024-02-23 19:55:10.022487
407	82	Sjögren症候群	2024-02-23 19:55:10.025401	2024-02-23 19:55:10.025401
408	82	薬剤誘発性ループス	2024-02-23 19:55:10.028202	2024-02-23 19:55:10.028202
409	82	混合性結合組織病〈MCTD〉	2024-02-23 19:55:10.031675	2024-02-23 19:55:10.031675
410	82	全身性エリテマトーデス〈SLE〉	2024-02-23 19:55:10.034619	2024-02-23 19:55:10.034619
411	83	重症筋無力症	2024-02-23 19:55:10.037503	2024-02-23 19:55:10.037503
412	83	慢性甲状腺炎	2024-02-23 19:55:10.040417	2024-02-23 19:55:10.040417
413	83	Goodpasture症候群	2024-02-23 19:55:10.043445	2024-02-23 19:55:10.043445
414	83	原発性胆汁性胆管炎	2024-02-23 19:55:10.046286	2024-02-23 19:55:10.046286
415	83	特発性血小板減少性紫斑病	2024-02-23 19:55:10.049131	2024-02-23 19:55:10.049131
416	84	塩 析	2024-02-23 19:55:10.052044	2024-02-23 19:55:10.052044
417	84	ゲル濾過	2024-02-23 19:55:10.055587	2024-02-23 19:55:10.055587
418	84	イオン交換クロマトグラフィ	2024-02-23 19:55:10.058949	2024-02-23 19:55:10.058949
419	84	塩化セシウム密度勾配遠心分離法	2024-02-23 19:55:10.061974	2024-02-23 19:55:10.061974
420	84	アフィニティカラムクロマトグラフィ	2024-02-23 19:55:10.064855	2024-02-23 19:55:10.064855
421	85	抗c、抗Jkb、抗Fyb、抗Dib	2024-02-23 19:55:10.06777	2024-02-23 19:55:10.06777
422	85	抗C、抗Jka、抗Fya、抗Dia	2024-02-23 19:55:10.070693	2024-02-23 19:55:10.070693
423	85	抗C、抗Jkb、抗Fyb、抗Dia	2024-02-23 19:55:10.073485	2024-02-23 19:55:10.073485
424	85	抗D、抗Jka、抗Fya、抗Dia	2024-02-23 19:55:10.076493	2024-02-23 19:55:10.076493
425	85	抗E、抗Jkb、抗Fya、抗Dia	2024-02-23 19:55:10.079389	2024-02-23 19:55:10.079389
426	86	赤血球製剤　-----　A型RhD陽性	2024-02-23 19:55:10.08212	2024-02-23 19:55:10.08212
427	86	赤血球製剤　-----　O型RhD陽性	2024-02-23 19:55:10.085003	2024-02-23 19:55:10.085003
428	86	赤血球製剤　-----　AB型RhD陽性	2024-02-23 19:55:10.088041	2024-02-23 19:55:10.088041
429	86	血漿製剤　-----　B型RhD陰性	2024-02-23 19:55:10.090727	2024-02-23 19:55:10.090727
430	86	血漿製剤　-----　O型RhD陰性	2024-02-23 19:55:10.094732	2024-02-23 19:55:10.094732
431	87	検査室気圧	2024-02-23 19:55:10.097811	2024-02-23 19:55:10.097811
432	87	検査室室温	2024-02-23 19:55:10.100815	2024-02-23 19:55:10.100815
433	87	検査室湿度	2024-02-23 19:55:10.103785	2024-02-23 19:55:10.103785
434	87	恒温槽の温度	2024-02-23 19:55:10.106581	2024-02-23 19:55:10.106581
435	87	判定用遠心機の回転数	2024-02-23 19:55:10.109417	2024-02-23 19:55:10.109417
436	88	ABO血液型はLandsteinerの法則に従う。	2024-02-23 19:55:10.112272	2024-02-23 19:55:10.112272
437	88	ABO遺伝子は第9染色体長腕に存在する。	2024-02-23 19:55:10.115547	2024-02-23 19:55:10.115547
438	88	新生児や乳児のABO血液型抗原量は少ない。	2024-02-23 19:55:10.118452	2024-02-23 19:55:10.118452
439	88	抗Aおよび抗B抗体の産生は胎児期に始まる。	2024-02-23 19:55:10.121286	2024-02-23 19:55:10.121286
440	88	獲得性BはA抗原が後天的に変化したものである。	2024-02-23 19:55:10.124091	2024-02-23 19:55:10.124091
441	89	インターロイキン2	2024-02-23 19:55:10.127037	2024-02-23 19:55:10.127037
442	89	インターロイキン4	2024-02-23 19:55:10.13047	2024-02-23 19:55:10.13047
443	89	インターロイキン10	2024-02-23 19:55:10.133538	2024-02-23 19:55:10.133538
444	89	インターロイキン12	2024-02-23 19:55:10.136556	2024-02-23 19:55:10.136556
445	89	インターフェロン7	2024-02-23 19:55:10.139755	2024-02-23 19:55:10.139755
446	90	米	2024-02-23 19:55:10.142545	2024-02-23 19:55:10.142545
447	90	卵	2024-02-23 19:55:10.145427	2024-02-23 19:55:10.145427
448	90	小 麦	2024-02-23 19:55:10.148291	2024-02-23 19:55:10.148291
449	90	さ ば	2024-02-23 19:55:10.151254	2024-02-23 19:55:10.151254
450	90	大 豆	2024-02-23 19:55:10.154065	2024-02-23 19:55:10.154065
451	91	応急入院	2024-02-23 19:55:10.157068	2024-02-23 19:55:10.157068
452	91	措置入院	2024-02-23 19:55:10.159843	2024-02-23 19:55:10.159843
453	91	任意入院	2024-02-23 19:55:10.162705	2024-02-23 19:55:10.162705
454	91	医療保護入院	2024-02-23 19:55:10.165661	2024-02-23 19:55:10.165661
455	91	緊急措置入院	2024-02-23 19:55:10.169085	2024-02-23 19:55:10.169085
456	92	医療計画の策定	2024-02-23 19:55:10.172449	2024-02-23 19:55:10.172449
457	92	乳幼児健康診査	2024-02-23 19:55:10.175561	2024-02-23 19:55:10.175561
458	92	障害者手帳の交付	2024-02-23 19:55:10.178403	2024-02-23 19:55:10.178403
459	92	医療機関への立入検査	2024-02-23 19:55:10.18136	2024-02-23 19:55:10.18136
460	92	食中毒発生時の原因調査	2024-02-23 19:55:10.184195	2024-02-23 19:55:10.184195
461	93	禁煙治療	2024-02-23 19:55:10.18698	2024-02-23 19:55:10.18698
462	93	人工透析	2024-02-23 19:55:10.189738	2024-02-23 19:55:10.189738
463	93	帝王切開	2024-02-23 19:55:10.192553	2024-02-23 19:55:10.192553
464	93	訪問看護	2024-02-23 19:55:10.195411	2024-02-23 19:55:10.195411
465	93	予防接種	2024-02-23 19:55:10.198377	2024-02-23 19:55:10.198377
466	94	ヒ 素	2024-02-23 19:55:10.201178	2024-02-23 19:55:10.201178
467	94	フッ素	2024-02-23 19:55:10.203989	2024-02-23 19:55:10.203989
468	94	大腸菌	2024-02-23 19:55:10.207783	2024-02-23 19:55:10.207783
469	94	アルキル水銀	2024-02-23 19:55:10.210926	2024-02-23 19:55:10.210926
470	94	シアン化合物	2024-02-23 19:55:10.213907	2024-02-23 19:55:10.213907
471	95	25	2024-02-23 19:55:10.216907	2024-02-23 19:55:10.216907
472	95	50	2024-02-23 19:55:10.21973	2024-02-23 19:55:10.21973
473	95	100	2024-02-23 19:55:10.2226	2024-02-23 19:55:10.2226
474	95	200	2024-02-23 19:55:10.225389	2024-02-23 19:55:10.225389
475	95	400	2024-02-23 19:55:10.228356	2024-02-23 19:55:10.228356
476	96	クラスⅠ機器の追加保護手段は補強絶縁である。	2024-02-23 19:55:10.231199	2024-02-23 19:55:10.231199
477	96	クラスⅠ機器とはB型装着部を持つ機器のことである。	2024-02-23 19:55:10.234006	2024-02-23 19:55:10.234006
478	96	クラスⅡ機器には保護接地線が必要である。	2024-02-23 19:55:10.236804	2024-02-23 19:55:10.236804
479	96	クラスⅡ機器は2Pプラグで使用することができる。	2024-02-23 19:55:10.239766	2024-02-23 19:55:10.239766
480	96	内部電源機器は外部電源と接続できない。	2024-02-23 19:55:10.243215	2024-02-23 19:55:10.243215
481	97	CSV	2024-02-23 19:55:10.246577	2024-02-23 19:55:10.246577
482	97	FLV	2024-02-23 19:55:10.249742	2024-02-23 19:55:10.249742
483	97	JPEG	2024-02-23 19:55:10.253463	2024-02-23 19:55:10.253463
484	97	MP3	2024-02-23 19:55:10.256582	2024-02-23 19:55:10.256582
485	97	TIFF	2024-02-23 19:55:10.25952	2024-02-23 19:55:10.25952
486	98	DICOM	2024-02-23 19:55:10.262561	2024-02-23 19:55:10.262561
487	98	HL7	2024-02-23 19:55:10.265728	2024-02-23 19:55:10.265728
488	98	ICD11	2024-02-23 19:55:10.268591	2024-02-23 19:55:10.268591
489	98	JLAC10/11	2024-02-23 19:55:10.271432	2024-02-23 19:55:10.271432
490	98	PACS	2024-02-23 19:55:10.274105	2024-02-23 19:55:10.274105
491	99	空 気： 350	2024-02-23 19:55:10.276761	2024-02-23 19:55:10.276761
492	99	脂 肪： 900	2024-02-23 19:55:10.279709	2024-02-23 19:55:10.279709
493	99	水： 1,480	2024-02-23 19:55:10.283337	2024-02-23 19:55:10.283337
494	99	血 液：1,570	2024-02-23 19:55:10.286558	2024-02-23 19:55:10.286558
495	99	頭蓋骨：4,080	2024-02-23 19:55:10.290071	2024-02-23 19:55:10.290071
496	100	サーミスタ	2024-02-23 19:55:10.293021	2024-02-23 19:55:10.293021
497	100	ストレインゲージ	2024-02-23 19:55:10.295847	2024-02-23 19:55:10.295847
498	100	熱電対	2024-02-23 19:55:10.298893	2024-02-23 19:55:10.298893
499	100	フォトダイオード	2024-02-23 19:55:10.301737	2024-02-23 19:55:10.301737
500	100	ホール素子	2024-02-23 19:55:10.304576	2024-02-23 19:55:10.304576
\.


--
-- Data for Name: question_correct_answers; Type: TABLE DATA; Schema: public; Owner: MTLife
--

COPY public.question_correct_answers (id, question_id, correct_answer, created_at, updated_at) FROM stdin;
1	1	5	2024-02-23 19:55:10.317704	2024-02-23 19:55:10.317704
2	2	1	2024-02-23 19:55:10.322222	2024-02-23 19:55:10.322222
3	3	4	2024-02-23 19:55:10.325541	2024-02-23 19:55:10.325541
4	4	4	2024-02-23 19:55:10.328808	2024-02-23 19:55:10.328808
5	5	5	2024-02-23 19:55:10.331896	2024-02-23 19:55:10.331896
6	6	1	2024-02-23 19:55:10.336404	2024-02-23 19:55:10.336404
7	7	3	2024-02-23 19:55:10.339745	2024-02-23 19:55:10.339745
8	7	5	2024-02-23 19:55:10.343098	2024-02-23 19:55:10.343098
9	8	4	2024-02-23 19:55:10.34642	2024-02-23 19:55:10.34642
10	9	3	2024-02-23 19:55:10.349435	2024-02-23 19:55:10.349435
11	10	3	2024-02-23 19:55:10.352449	2024-02-23 19:55:10.352449
12	11	5	2024-02-23 19:55:10.355468	2024-02-23 19:55:10.355468
13	12	5	2024-02-23 19:55:10.358578	2024-02-23 19:55:10.358578
14	13	3	2024-02-23 19:55:10.361547	2024-02-23 19:55:10.361547
15	13	4	2024-02-23 19:55:10.364539	2024-02-23 19:55:10.364539
16	14	3	2024-02-23 19:55:10.3675	2024-02-23 19:55:10.3675
17	14	4	2024-02-23 19:55:10.370737	2024-02-23 19:55:10.370737
18	15	2	2024-02-23 19:55:10.374352	2024-02-23 19:55:10.374352
19	15	3	2024-02-23 19:55:10.37763	2024-02-23 19:55:10.37763
20	16	2	2024-02-23 19:55:10.380783	2024-02-23 19:55:10.380783
21	17	2	2024-02-23 19:55:10.384156	2024-02-23 19:55:10.384156
22	18	1	2024-02-23 19:55:10.387083	2024-02-23 19:55:10.387083
23	19	2	2024-02-23 19:55:10.390031	2024-02-23 19:55:10.390031
24	20	1	2024-02-23 19:55:10.392999	2024-02-23 19:55:10.392999
25	21	2	2024-02-23 19:55:10.396075	2024-02-23 19:55:10.396075
26	21	5	2024-02-23 19:55:10.399018	2024-02-23 19:55:10.399018
27	22	2	2024-02-23 19:55:10.401922	2024-02-23 19:55:10.401922
28	22	4	2024-02-23 19:55:10.404639	2024-02-23 19:55:10.404639
29	23	2	2024-02-23 19:55:10.407584	2024-02-23 19:55:10.407584
30	24	3	2024-02-23 19:55:10.410524	2024-02-23 19:55:10.410524
31	25	4	2024-02-23 19:55:10.41438	2024-02-23 19:55:10.41438
32	26	3	2024-02-23 19:55:10.417737	2024-02-23 19:55:10.417737
33	27	5	2024-02-23 19:55:10.420748	2024-02-23 19:55:10.420748
34	28	4	2024-02-23 19:55:10.423566	2024-02-23 19:55:10.423566
35	29	5	2024-02-23 19:55:10.426463	2024-02-23 19:55:10.426463
36	30	4	2024-02-23 19:55:10.429282	2024-02-23 19:55:10.429282
37	31	4	2024-02-23 19:55:10.432031	2024-02-23 19:55:10.432031
38	32	4	2024-02-23 19:55:10.434791	2024-02-23 19:55:10.434791
39	32	5	2024-02-23 19:55:10.437614	2024-02-23 19:55:10.437614
40	33	2	2024-02-23 19:55:10.440442	2024-02-23 19:55:10.440442
41	34	1	2024-02-23 19:55:10.443186	2024-02-23 19:55:10.443186
42	35	3	2024-02-23 19:55:10.446093	2024-02-23 19:55:10.446093
43	35	5	2024-02-23 19:55:10.448848	2024-02-23 19:55:10.448848
44	36	5	2024-02-23 19:55:10.452659	2024-02-23 19:55:10.452659
45	37	2	2024-02-23 19:55:10.455664	2024-02-23 19:55:10.455664
46	37	3	2024-02-23 19:55:10.458642	2024-02-23 19:55:10.458642
47	38	2	2024-02-23 19:55:10.461609	2024-02-23 19:55:10.461609
48	39	4	2024-02-23 19:55:10.464395	2024-02-23 19:55:10.464395
49	40	5	2024-02-23 19:55:10.46719	2024-02-23 19:55:10.46719
50	41	1	2024-02-23 19:55:10.469963	2024-02-23 19:55:10.469963
51	41	4	2024-02-23 19:55:10.472897	2024-02-23 19:55:10.472897
52	42	2	2024-02-23 19:55:10.47569	2024-02-23 19:55:10.47569
53	43	1	2024-02-23 19:55:10.47847	2024-02-23 19:55:10.47847
54	43	3	2024-02-23 19:55:10.481254	2024-02-23 19:55:10.481254
55	44	3	2024-02-23 19:55:10.48417	2024-02-23 19:55:10.48417
56	45	3	2024-02-23 19:55:10.487574	2024-02-23 19:55:10.487574
57	46	4	2024-02-23 19:55:10.490633	2024-02-23 19:55:10.490633
58	46	5	2024-02-23 19:55:10.493672	2024-02-23 19:55:10.493672
59	47	3	2024-02-23 19:55:10.496834	2024-02-23 19:55:10.496834
60	48	3	2024-02-23 19:55:10.499634	2024-02-23 19:55:10.499634
61	49	4	2024-02-23 19:55:10.502454	2024-02-23 19:55:10.502454
62	50	5	2024-02-23 19:55:10.505267	2024-02-23 19:55:10.505267
63	51	5	2024-02-23 19:55:10.508206	2024-02-23 19:55:10.508206
64	52	1	2024-02-23 19:55:10.511013	2024-02-23 19:55:10.511013
65	53	4	2024-02-23 19:55:10.513826	2024-02-23 19:55:10.513826
66	54	4	2024-02-23 19:55:10.516605	2024-02-23 19:55:10.516605
67	55	1	2024-02-23 19:55:10.519362	2024-02-23 19:55:10.519362
68	55	3	2024-02-23 19:55:10.522289	2024-02-23 19:55:10.522289
69	56	2	2024-02-23 19:55:10.52572	2024-02-23 19:55:10.52572
70	56	3	2024-02-23 19:55:10.529065	2024-02-23 19:55:10.529065
71	57	2	2024-02-23 19:55:10.532059	2024-02-23 19:55:10.532059
72	58	1	2024-02-23 19:55:10.534909	2024-02-23 19:55:10.534909
73	59	2	2024-02-23 19:55:10.537924	2024-02-23 19:55:10.537924
74	60	5	2024-02-23 19:55:10.540826	2024-02-23 19:55:10.540826
75	61	2	2024-02-23 19:55:10.54364	2024-02-23 19:55:10.54364
76	61	5	2024-02-23 19:55:10.546441	2024-02-23 19:55:10.546441
77	62	1	2024-02-23 19:55:10.549303	2024-02-23 19:55:10.549303
78	62	5	2024-02-23 19:55:10.552165	2024-02-23 19:55:10.552165
79	63	2	2024-02-23 19:55:10.555075	2024-02-23 19:55:10.555075
80	64	5	2024-02-23 19:55:10.557731	2024-02-23 19:55:10.557731
81	65	1	2024-02-23 19:55:10.560816	2024-02-23 19:55:10.560816
82	65	4	2024-02-23 19:55:10.565138	2024-02-23 19:55:10.565138
83	66	1	2024-02-23 19:55:10.568245	2024-02-23 19:55:10.568245
84	66	3	2024-02-23 19:55:10.57125	2024-02-23 19:55:10.57125
85	67	2	2024-02-23 19:55:10.574227	2024-02-23 19:55:10.574227
86	68	3	2024-02-23 19:55:10.577016	2024-02-23 19:55:10.577016
87	69	5	2024-02-23 19:55:10.57976	2024-02-23 19:55:10.57976
88	70	2	2024-02-23 19:55:10.582609	2024-02-23 19:55:10.582609
89	71	5	2024-02-23 19:55:10.585636	2024-02-23 19:55:10.585636
90	72	2	2024-02-23 19:55:10.588512	2024-02-23 19:55:10.588512
91	72	4	2024-02-23 19:55:10.591419	2024-02-23 19:55:10.591419
92	73	1	2024-02-23 19:55:10.594198	2024-02-23 19:55:10.594198
93	73	5	2024-02-23 19:55:10.597101	2024-02-23 19:55:10.597101
94	74	4	2024-02-23 19:55:10.600565	2024-02-23 19:55:10.600565
95	75	4	2024-02-23 19:55:10.603645	2024-02-23 19:55:10.603645
96	76	3	2024-02-23 19:55:10.607001	2024-02-23 19:55:10.607001
97	77	4	2024-02-23 19:55:10.609873	2024-02-23 19:55:10.609873
98	78	4	2024-02-23 19:55:10.612675	2024-02-23 19:55:10.612675
99	79	3	2024-02-23 19:55:10.615685	2024-02-23 19:55:10.615685
100	80	4	2024-02-23 19:55:10.618458	2024-02-23 19:55:10.618458
101	81	5	2024-02-23 19:55:10.62125	2024-02-23 19:55:10.62125
102	82	1	2024-02-23 19:55:10.624084	2024-02-23 19:55:10.624084
103	83	4	2024-02-23 19:55:10.626909	2024-02-23 19:55:10.626909
104	84	4	2024-02-23 19:55:10.629699	2024-02-23 19:55:10.629699
105	85	3	2024-02-23 19:55:10.632527	2024-02-23 19:55:10.632527
106	86	2	2024-02-23 19:55:10.635464	2024-02-23 19:55:10.635464
107	87	1	2024-02-23 19:55:10.638883	2024-02-23 19:55:10.638883
108	88	4	2024-02-23 19:55:10.642296	2024-02-23 19:55:10.642296
109	89	2	2024-02-23 19:55:10.645282	2024-02-23 19:55:10.645282
110	89	3	2024-02-23 19:55:10.648116	2024-02-23 19:55:10.648116
111	90	2	2024-02-23 19:55:10.651088	2024-02-23 19:55:10.651088
112	90	3	2024-02-23 19:55:10.653921	2024-02-23 19:55:10.653921
113	91	4	2024-02-23 19:55:10.656707	2024-02-23 19:55:10.656707
114	92	4	2024-02-23 19:55:10.659514	2024-02-23 19:55:10.659514
115	92	5	2024-02-23 19:55:10.662357	2024-02-23 19:55:10.662357
116	93	5	2024-02-23 19:55:10.665196	2024-02-23 19:55:10.665196
117	94	3	2024-02-23 19:55:10.668118	2024-02-23 19:55:10.668118
118	95	2	2024-02-23 19:55:10.671033	2024-02-23 19:55:10.671033
119	96	4	2024-02-23 19:55:10.673693	2024-02-23 19:55:10.673693
120	97	3	2024-02-23 19:55:10.677625	2024-02-23 19:55:10.677625
121	97	5	2024-02-23 19:55:10.680684	2024-02-23 19:55:10.680684
122	98	2	2024-02-23 19:55:10.68448	2024-02-23 19:55:10.68448
123	99	2	2024-02-23 19:55:10.687552	2024-02-23 19:55:10.687552
124	100	1	2024-02-23 19:55:10.690472	2024-02-23 19:55:10.690472
\.


--
-- Data for Name: questions; Type: TABLE DATA; Schema: public; Owner: MTLife
--

COPY public.questions (id, question_text, year, subject, created_at, updated_at) FROM stdin;
1	EDTA-2K 採血管で採取した血漿を用いた場合、測定値が血清より高くなるのはどれか。	2023	臨床検査総論	2024-02-22 12:17:27.937278	2024-02-22 12:17:27.937278
2	パニック値として報告すべきなのはどれか。	2023	臨床検査総論	2024-02-22 12:17:27.942995	2024-02-22 12:17:27.942995
3	クレアチニン（酵素法）の内部精度管理図（x̄管理図）を示す。原因として最も考えられるのはどれか。	2023	臨床検査総論	2024-02-22 12:17:27.944528	2024-02-22 12:17:27.944528
4	尿沈渣の無染色標本（別冊No. 1Ａ）及び Sternheimer 染色標本（別冊No. 1Ｂ）を別に示す。この構造物はどれか。	2023	一般・医動物	2024-02-22 12:17:27.946209	2024-02-22 12:17:27.946209
5	人獣共通感染症をきたすのはどれか。	2023	一般・医動物	2024-02-22 12:17:27.948106	2024-02-22 12:17:27.948106
6	61 歳の女性。有機農業従事者。腹痛で来院し、虫卵検査を行った。糞便の直接塗抹標本（別冊No. 2）を別に示す。考えられるのはどれか。	2023	一般・医動物	2024-02-22 12:17:27.949968	2024-02-22 12:17:27.949968
7	コンパニオン検査の特徴について正しいのはどれか。 2 つ選べ。	2023	臨床検査総論	2024-02-22 12:17:27.951686	2024-02-22 12:17:27.951686
8	標準予防策に追加の感染予防策が必要な感染症はどれか。	2023	臨床検査総論	2024-02-22 12:17:27.953357	2024-02-22 12:17:27.953357
9	培養検査で検出された細菌が起炎菌である可能性の最も高い検体はどれか。	2023	臨床検査総論	2024-02-22 12:17:27.955115	2024-02-22 12:17:27.955115
10	臥位に比べて座位で採血したときに高値となる血清成分はどれか。	2023	臨床検査総論	2024-02-22 12:17:27.956834	2024-02-22 12:17:27.956834
11	WPW 症候群に合併しやすいのはどれか。	2023	生理	2024-02-22 12:17:27.958655	2024-02-22 12:17:27.958655
12	BRCA1/2 の病的変異が検出されるのはどれか。	2023	病理	2024-02-22 12:17:27.960254	2024-02-22 12:17:27.960254
13	汎血球減少症を呈するのはどれか。 2 つ選べ。	2023	血液	2024-02-22 12:17:27.961764	2024-02-22 12:17:27.961764
14	末期慢性腎不全で認められるのはどれか。 2 つ選べ。	2023	臨床化学	2024-02-22 12:17:27.963195	2024-02-22 12:17:27.963195
15	メタボリックシンドロームの診断基準に含まれるのはどれか。 2 つ選べ。	2023	臨床化学	2024-02-22 12:17:27.964663	2024-02-22 12:17:27.964663
16	シールドルームで行うことが望ましい検査はどれか。	2023	生理	2024-02-22 12:17:27.966219	2024-02-22 12:17:27.966219
17	心電図波形（別冊No. 3）を別に示す。試みるべき対処法として正しいのはどれか。	2023	生理	2024-02-22 12:17:27.967879	2024-02-22 12:17:27.967879
18	動脈管開存症に特徴的な心雑音はどれか。	2023	生理	2024-02-22 12:17:27.969349	2024-02-22 12:17:27.969349
19	フローボリューム曲線（別冊No. 4）を別に示す。 1 秒量は 1.08 L であった。1 秒率［％］に最も近いのはどれか。	2023	生理	2024-02-22 12:17:27.973987	2024-02-22 12:17:27.973987
20	体プレチスモグラフによる機能的残気量の測定原理はどれか。	2023	生理	2024-02-22 12:17:27.976265	2024-02-22 12:17:27.976265
21	呼吸商を求めるのに必要なのはどれか。 2 つ選べ。	2023	生理	2024-02-22 12:17:27.978322	2024-02-22 12:17:27.978322
22	運動単位を構成するのはどれか。 2 つ選べ。	2023	生理	2024-02-22 12:17:27.979853	2024-02-22 12:17:27.979853
23	脳波の記録法で正しいのはどれか。	2023	生理	2024-02-22 12:17:27.98183	2024-02-22 12:17:27.98183
24	次の文を読み下記の問いに答えよ。 78 歳の男性。心不全患者の左室流入血流速波形と計測値（別冊No. 5）を別に示す。この波形の記録に用いたのはどれか。	2023	生理	2024-02-22 12:17:27.983792	2024-02-22 12:17:27.983792
25	次の文を読み下記の問いに答えよ。 78 歳の男性。心不全患者の左室流入血流速波形と計測値（別冊No. 5）を別に示す。この波形はどれか。	2023	生理	2024-02-22 12:17:27.985605	2024-02-22 12:17:27.985605
26	頸動脈超音波検査の右総頸動脈長軸像（別冊No. 6）を別に示す。内中膜複合体厚〈IMT〉の計測方法として正しいのはどれか。	2023	生理	2024-02-22 12:17:27.987379	2024-02-22 12:17:27.987379
27	下腹部正中横走査と右縦走査による女性骨盤腔の超音波像（別冊No. 7）を別に示す。矢印で示すのはどれか。	2023	生理	2024-02-22 12:17:27.989289	2024-02-22 12:17:27.989289
28	標準純音聴力検査の骨導聴力検査において音が直接伝わるのはどれか。	2023	生理	2024-02-22 12:17:27.991152	2024-02-22 12:17:27.991152
29	グリコアルブミン〈GA〉について正しいのはどれか。	2023	臨床化学	2024-02-22 12:17:27.992822	2024-02-22 12:17:27.992822
30	血漿血糖値が高い順に並んでいるのはどれか。	2023	臨床化学	2024-02-22 12:17:27.994656	2024-02-22 12:17:27.994656
31	アポリポ蛋白と主要機能の組合せで誤っているのはどれか。	2023	臨床化学	2024-02-22 12:17:27.996326	2024-02-22 12:17:27.996326
32	Michaelis-Menten の式について正しいのはどれか。 2 つ選べ。ただし、［S］は基質濃度、Vmax は最大反応速度、Km はMichaelis 定数とする。	2023	臨床化学	2024-02-22 12:17:27.997916	2024-02-22 12:17:27.997916
33	血中濃度が低下するとテタニーを生じるのはどれか。	2023	臨床化学	2024-02-22 12:17:27.999641	2024-02-22 12:17:27.999641
34	誤っているのはどれか。	2023	臨床化学	2024-02-22 12:17:28.001171	2024-02-22 12:17:28.001171
35	グリセロール骨格構造を含むのはどれか。 2 つ選べ。	2023	臨床化学	2024-02-22 12:17:28.003158	2024-02-22 12:17:28.003158
36	実効線量を表す単位はどれか。	2023	臨床化学	2024-02-22 12:17:28.004973	2024-02-22 12:17:28.004973
37	塩基性アミノ酸はどれか。 2 つ選べ。	2023	臨床化学	2024-02-22 12:17:28.006862	2024-02-22 12:17:28.006862
38	溶液A を 30 倍希釈して吸光度を測定したとき、0.300 であった。この物質の測定波長におけるモル吸光係数を 6,000 L・mol－1・cm－1 とすると、溶液A の濃度は何mmol/L か。ただし、使用した光路長は 1.0 cm とする。	2023	臨床化学	2024-02-22 12:17:28.008927	2024-02-22 12:17:28.008927
39	MALDI-TOF-MS による物質測定で正しいのはどれか。	2023	臨床化学	2024-02-22 12:17:28.010726	2024-02-22 12:17:28.010726
40	ALP アイソザイムについて誤っているのはどれか。	2023	臨床化学	2024-02-22 12:17:28.012525	2024-02-22 12:17:28.012525
41	二重の膜構造を有するのはどれか。 2 つ選べ。	2023	臨床化学	2024-02-22 12:17:28.014347	2024-02-22 12:17:28.014347
42	血中LD/AST 比が 1 のとき、最も考えられるのはどれか。	2023	臨床化学	2024-02-22 12:17:28.016098	2024-02-22 12:17:28.016098
43	欠乏すると巨赤芽球性貧血を引き起こすのはどれか。 2 つ選べ。	2023	臨床化学	2024-02-22 12:17:28.018858	2024-02-22 12:17:28.018858
44	ビタミンB6 の誘導体を補酵素とするのはどれか。	2023	臨床化学	2024-02-22 12:17:28.020947	2024-02-22 12:17:28.020947
45	子宮頸部擦過細胞診のPapanicolaou 染色標本（別冊No. 8）を別に示す。 Bethesda システムによる判定はどれか。	2023	病理	2024-02-22 12:17:28.02294	2024-02-22 12:17:28.02294
46	病理解剖の目的として正しいのはどれか。 2 つ選べ。	2023	病理	2024-02-22 12:17:28.024534	2024-02-22 12:17:28.024534
47	H-E 染色標本（別冊No. 9Ａ）とパラフィンブロックの肉眼写真（別冊No. 9Ｂ）を別に示す。H-E 染色標本にみられる問題の原因はどれか。	2023	病理	2024-02-22 12:17:28.028409	2024-02-22 12:17:28.028409
48	気管支の特殊染色標本（別冊No. 10）を別に示す。染色法はどれか。	2023	病理	2024-02-22 12:17:28.030315	2024-02-22 12:17:28.030315
49	甲状腺濾胞細胞で産生されるのはどれか。	2023	病理	2024-02-22 12:17:28.031817	2024-02-22 12:17:28.031817
50	平滑筋で構成されるのはどれか。	2023	病理	2024-02-22 12:17:28.033481	2024-02-22 12:17:28.033481
51	血栓の誘因となりにくいのはどれか。	2023	病理	2024-02-22 12:17:28.035118	2024-02-22 12:17:28.035118
52	我が国における肺の悪性腫瘍のうち最も頻度が高いのはどれか。	2023	病理	2024-02-22 12:17:28.036888	2024-02-22 12:17:28.036888
53	遺伝子解析の際に推奨される脱灰液はどれか。	2023	病理	2024-02-22 12:17:28.038606	2024-02-22 12:17:28.038606
54	細胞診検査材料のうち、最も低速遠心で集細胞法を行うのはどれか。	2023	病理	2024-02-22 12:17:28.040478	2024-02-22 12:17:28.040478
55	急性炎症で特徴的にみられる現象はどれか。 2 つ選べ。	2023	病理	2024-02-22 12:17:28.042145	2024-02-22 12:17:28.042145
56	静脈血が流れているのはどれか。 2 つ選べ。	2023	病理	2024-02-22 12:17:28.044036	2024-02-22 12:17:28.044036
57	H-E 染色のエオジン液に加えるのはどれか。	2023	病理	2024-02-22 12:17:28.045805	2024-02-22 12:17:28.045805
58	縦隔に含まれない臓器はどれか。	2023	病理	2024-02-22 12:17:28.047304	2024-02-22 12:17:28.047304
59	正しいのはどれか。	2023	血液	2024-02-22 12:17:28.048907	2024-02-22 12:17:28.048907
60	血液塗抹標本の染色法について誤っているのはどれか。	2023	血液	2024-02-22 12:17:28.050693	2024-02-22 12:17:28.050693
61	赤血球沈降速度が遅延するのはどれか。 2 つ選べ。	2023	血液	2024-02-22 12:17:28.052339	2024-02-22 12:17:28.052339
62	自動血球計数測定値の誤差要因とその影響の組合せで正しいのはどれか。 2 つ選べ。	2023	血液	2024-02-22 12:17:28.053974	2024-02-22 12:17:28.053974
63	引きガラス（ウェッジ）法での末梢血液塗抹標本の作製について誤っているのはどれか。	2023	血液	2024-02-22 12:17:28.055626	2024-02-22 12:17:28.055626
64	末梢血細胞のMay-Giemsa 染色標本（別冊No. 11Ａ）とフローサイトメトリの所見（別冊No. 11Ｂ）を別に示す。考えられるのはどれか。	2023	血液	2024-02-22 12:17:28.057502	2024-02-22 12:17:28.057502
65	骨髄芽球に当てはまるのはどれか。 2 つ選べ。	2023	血液	2024-02-22 12:17:28.059688	2024-02-22 12:17:28.059688
66	フィブリノゲンについて正しいのはどれか。 2 つ選べ。	2023	血液	2024-02-22 12:17:28.061324	2024-02-22 12:17:28.061324
67	正しいのはどれか。	2023	血液	2024-02-22 12:17:28.063693	2024-02-22 12:17:28.063693
68	世代時間が最も長いのはどれか。	2023	微生物	2024-02-22 12:17:28.065728	2024-02-22 12:17:28.065728
69	多剤耐性結核菌の判定に用いないのはどれか。	2023	微生物	2024-02-22 12:17:28.067208	2024-02-22 12:17:28.067208
70	腸管感染症患者の下痢便のGram 染色標本（別冊No. 12）を別に示す。矢印で示すのはどれか。	2023	微生物	2024-02-22 12:17:28.069248	2024-02-22 12:17:28.069248
71	カルバペネム系抗菌薬が有効なのはどれか。	2023	微生物	2024-02-22 12:17:28.07125	2024-02-22 12:17:28.07125
72	真菌に分類されるのはどれか。 2 つ選べ。	2023	微生物	2024-02-22 12:17:28.073078	2024-02-22 12:17:28.073078
73	培地と使用目的の組合せで正しいのはどれか。 2 つ選べ。	2023	微生物	2024-02-22 12:17:28.0747	2024-02-22 12:17:28.0747
74	WHO が提唱している手指衛生のタイミングに含まれないのはどれか。	2023	微生物	2024-02-22 12:17:28.076514	2024-02-22 12:17:28.076514
75	細菌と毒素の組合せで誤っているのはどれか。	2023	微生物	2024-02-22 12:17:28.078268	2024-02-22 12:17:28.078268
76	ハートインフュージョンブイヨンで培養した菌の染色標本（別冊No. 13）を別に示す。染色法はどれか。	2023	微生物	2024-02-22 12:17:28.079915	2024-02-22 12:17:28.079915
77	血中薬物濃度測定による治療薬物モニタリング〈TDM〉の対象となるのはどれか。	2023	微生物	2024-02-22 12:17:28.0817	2024-02-22 12:17:28.0817
78	ウイルスと疾患の組合せで正しいのはどれか。	2023	微生物	2024-02-22 12:17:28.083377	2024-02-22 12:17:28.083377
79	主要組織適合性遺伝子複合体〈MHC〉について正しいのはどれか。	2023	免疫	2024-02-22 12:17:28.084956	2024-02-22 12:17:28.084956
80	B 細胞はどれか。	2023	免疫	2024-02-22 12:17:28.086726	2024-02-22 12:17:28.086726
81	間接（受身）凝集反応で検出できないのはどれか。	2023	免疫	2024-02-22 12:17:28.088479	2024-02-22 12:17:28.088479
82	間接蛍光抗体法による抗核抗体検査所見（別冊No. 14）を別に示す。この所見から考えられるのはどれか。	2023	免疫	2024-02-22 12:17:28.090135	2024-02-22 12:17:28.090135
83	抗ミトコンドリア抗体が検出されるのはどれか。	2023	免疫	2024-02-22 12:17:28.091915	2024-02-22 12:17:28.091915
84	抗体を精製する方法でないのはどれか。	2023	免疫	2024-02-22 12:17:28.093631	2024-02-22 12:17:28.093631
85	受血者と供血者の血液型を以下に示す。輸血を行った場合、受血者が産生する可能性のある不規則抗体はどれか。	2023	免疫	2024-02-22 12:17:28.095213	2024-02-22 12:17:28.095213
86	緊急輸血が必要な患者が搬送された。血液型の確定ができない状況下で使用する輸血用血液製剤と血液型の組合せで正しいのはどれか。	2023	免疫	2024-02-22 12:17:28.096926	2024-02-22 12:17:28.096926
87	輸血検査の内部精度管理で、確認する必要性が低い項目はどれか。	2023	免疫	2024-02-22 12:17:28.098627	2024-02-22 12:17:28.098627
88	ABO 血液型について誤っているのはどれか。	2023	免疫	2024-02-22 12:17:28.100189	2024-02-22 12:17:28.100189
89	Th2 細胞が産生するサイトカインはどれか。 2 つ選べ。	2023	免疫	2024-02-22 12:17:28.102101	2024-02-22 12:17:28.102101
90	特定原材料として食品への表示が義務付けられているのはどれか。 2 つ選べ。	2023	公衆衛生	2024-02-22 12:17:28.10368	2024-02-22 12:17:28.10368
91	統合失調症で入院が必要と診断されたが、本人が入院を拒んだため、父親の同意によって入院させた。この場合の入院形態はどれか。	2023	公衆衛生	2024-02-22 12:17:28.106105	2024-02-22 12:17:28.106105
92	保健所の業務はどれか。 2 つ選べ。	2023	公衆衛生	2024-02-22 12:17:28.108099	2024-02-22 12:17:28.108099
93	公的医療保険の給付対象に含まれないのはどれか。	2023	公衆衛生	2024-02-22 12:17:28.10973	2024-02-22 12:17:28.10973
94	水道水質基準において、人の健康の保護のため「検出されないこと」と規定されているのはどれか。	2023	公衆衛生	2024-02-22 12:17:28.11175	2024-02-22 12:17:28.11175
95	100 M の負荷につながれた装置の消費電力が 100 W であった。 この装置の負荷を 200 M に変えたときの消費電力［W］はどれか。	2023	医用工学	2024-02-22 12:17:28.113707	2024-02-22 12:17:28.113707
96	医用電気機器のクラス別分類で正しいのはどれか。	2023	医用工学	2024-02-22 12:17:28.115198	2024-02-22 12:17:28.115198
97	静止画の標準的なファイル拡張子はどれか。 2 つ選べ。	2023	医用工学	2024-02-22 12:17:28.117006	2024-02-22 12:17:28.117006
98	医療情報システムで保健医療情報交換の標準規格はどれか。	2023	医用工学	2024-02-22 12:17:28.11875	2024-02-22 12:17:28.11875
99	37 ℃の媒質中における音速［m/s］として誤っているのはどれか。	2023	医用工学	2024-02-22 12:17:28.120489	2024-02-22 12:17:28.120489
100	物理量の変化が電気抵抗の変化として現れるトランスデューサはどれか。 2 つ選べ。	2023	医用工学	2024-02-22 12:17:28.122069	2024-02-22 12:17:28.122069
\.


--
-- Data for Name: schema_migrations; Type: TABLE DATA; Schema: public; Owner: MTLife
--

COPY public.schema_migrations (version) FROM stdin;
20240115011708
20240118074358
20240205054128
20240207124340
20240215034716
20240216052209
20240216053240
20240221060525
20240221061823
20240222034852
\.


--
-- Data for Name: users; Type: TABLE DATA; Schema: public; Owner: MTLife
--

COPY public.users (id, name, email, crypted_password, salt, created_at, updated_at, reset_password_token, reset_password_token_expires_at, reset_password_email_sent_at, access_count_to_reset_password_page, avatar) FROM stdin;
2	oo	oo@mio	$2a$10$T9L4IHdMFihnxJW.sO1yAuMIsJtYCfon/SNZnTYFpB8fC1ozdb0la	RxjUKwEHYQYENxFXwj7z	2024-01-18 01:49:12.210918	2024-01-18 01:49:12.210918	\N	\N	\N	0	\N
3	nasio	nasi	$2a$10$9bzFHlzbOarFY9D2JDuBR.JedIvv2hXF2V4Y5o4IB2E9GCNioSYvO	4qyG9JdDjsLmk6nLRJTw	2024-01-18 01:59:23.021136	2024-01-18 01:59:23.021136	\N	\N	\N	0	\N
4	ii	oo	$2a$10$O5gDsDjq.7dy.cU0hjux3eZouf5pbHbSBWKtZZEZTMZbaana3x90q	_-JeVw14mApT84mgWaB2	2024-01-18 02:01:14.220664	2024-01-18 02:01:14.220664	\N	\N	\N	0	\N
5	oo	mio	$2a$10$CnB6PfXqq0CltjIzQwqqhuPnXAoZWkUVhSbl22lZG480izhW.6Ngq	aEEu6sRmp-eyUn9Gm92o	2024-01-18 02:05:13.603448	2024-01-18 02:05:13.603448	\N	\N	\N	0	\N
6	rails	ll	$2a$10$gN4.qJifBZGtrKMwQeN/D.d3tp4N9oX0Qs3iNhdBHzECyArVks3Ne	8MydpRZ2sBb3PfSfxCas	2024-01-21 08:08:54.041509	2024-01-21 08:08:54.041509	\N	\N	\N	0	\N
7	pamu	pamu@test	$2a$10$ZcxpjWxs3H7pKNKkLtqgieC6022FD3w0bpL.cyx7/DAm132CxRXxG	t1C4jpaDfkyZBuuVFLFR	2024-01-23 06:43:19.347947	2024-01-23 07:22:11.573071	\N	\N	2024-01-23 07:21:11.127093	0	\N
1	rails	iuifdjfjkdjz@kokl	$2a$10$Upe48PB3bs0oURHu4FUQbuRTGEgqe5JVdzTm1R8DD60Iq7ZTO9KYW	QQyMGacmuL-wzDm76ruA	2024-01-18 01:20:09.430318	2024-01-18 01:20:09.430318	xy24V7e8BZJEfcNPyPjR	\N	2024-01-23 07:32:18.35569	0	\N
8	sa	sa@com	$2a$10$GGpm5ZOA.juTmnWxEwLxM.LV4ewtYSQdROZtWGR2uQ1HSahqQ0QTG	-usw1TJCh84xL1BCqgiu	2024-01-23 08:14:33.861167	2024-01-23 08:14:33.861167	\N	\N	\N	0	\N
9	jibunn	jibunn@com	$2a$10$7J2XJQARgR65oNM51pMisej/4IdJsOrw/E76Qexi0xICcqhEm0pty	-x3BuDiN5W-xyL8BerEo	2024-01-23 08:15:39.79462	2024-01-23 08:35:35.603417	\N	\N	2024-01-23 08:34:23.158596	0	\N
10	midori	midori@com	$2a$10$mE.DGadym4x03jvFPGhncOmrMaLkNAKOZqOf1NNCKUxq3oQV5KcM2	NDTKiyHfuoff55CxVM6_	2024-01-23 08:47:57.668908	2024-01-23 08:47:57.668908	\N	\N	\N	0	\N
11	きみこ	kimiko@com	$2a$10$MISOYpzNKNMyT13AQUbAZOXo.WbTETVkaI5OLO4v2.vrULFxWpH0m	RbZjKJF7ywcAFusQds3C	2024-01-24 04:37:57.731187	2024-01-24 04:37:57.731187	iiWGZQ3ebyS_Xwmgrkpg	\N	2024-01-24 04:39:10.568491	0	\N
12	きなこ	kinako@com	$2a$10$iyIpHunSakRUQBKEtqC2ZuKHRQPLVHoPYuxq4/u9eq9dErin5av.q	_gSA6zGTNzo6nWPLLN7a	2024-01-24 05:43:15.601233	2024-01-24 05:43:15.601233	xRxNY_W-B-hJxrzjLuLF	\N	2024-01-24 05:43:59.81394	0	\N
13	クッパ	kuppa@com	$2a$10$LfAyeCK.BMflVEb/BCFq7uBIemJs0WJyFXjsmuJwWb.ogeN4wjP0G	LxdF_sdazZ-esL_VNxDk	2024-01-24 06:58:12.364443	2024-01-24 06:58:12.364443	\N	\N	\N	0	\N
14	bu	bu@com	$2a$10$kKSG83Lw.LhszDmicwOqhOiPFU2NlPIMHxWLSz4W3gsuOUrZSRN3e	2pE-exf_jGrUQ5ixg3A9	2024-01-24 07:33:45.790272	2024-01-24 07:33:45.790272	\N	\N	\N	0	\N
15	mmm	mmmm@com	$2a$10$PPlm6EOP6oZup9uDU2TznOy3si/LVpQBaXlgoFXVtU5gijDjiU63e	R8sd42ojVPavvgPmkzDy	2024-01-24 08:17:15.471695	2024-01-24 08:17:15.471695	\N	\N	\N	0	\N
16	lll	lll@com	$2a$10$EM3d80o3hc5i1g2pRdFBlO0dgfEtlQPHO16zRkIS3qXQPejpoo096	xdK5oX3nHQ27HWgKVyAs	2024-01-24 08:18:15.855136	2024-01-24 08:18:15.855136	\N	\N	\N	0	\N
17	vvv	vvv@com	$2a$10$u5npOgeaWFA06TBmc2I5UOSoDdXBRZXNfT3/ilVbhSBaw4SVvHnLu	kPdfGzHhBaPNUZJqYB4u	2024-01-24 08:55:07.633896	2024-01-24 08:55:07.633896	\N	\N	\N	0	\N
18	okok	okok@com	$2a$10$T30arkh0f0VxMfwiKRkRBO42dmaPB5pn4EOvAXryn23ydM.erVlKq	4MeMfNG2chmhvyGGmpRE	2024-01-24 08:55:41.177466	2024-01-24 08:55:41.177466	\N	\N	\N	0	\N
19	onaka	onaka@com	$2a$10$gdSIV/qyqRLbO/C1S1Nud.Qb5P/itSzvb31qNGopW8q7kFonDkuSW	fVQkRyp1bzyy1e-yx5G1	2024-01-25 00:31:34.5443	2024-01-25 00:31:34.5443	\N	\N	\N	0	\N
20	yam	yam@com	$2a$10$Go5H4N8Jl52jzruFJ5uzD.4Q9TMh/4cNwHt8Ak15j3KUIoorP1iAe	GtDbEUzKfd74Ppg5KkmS	2024-01-29 10:41:02.974579	2024-01-29 10:41:02.974579	\N	\N	\N	0	\N
21	onamae	oaname@com	$2a$10$FrO/BHLkZAJ/Lp00AV5JJuENb1IOIFU/CI3WmBVucJqt3JtoUAHk2	eUyZMwzckNxsRHdQcuH6	2024-01-29 18:07:13.761384	2024-01-29 18:07:13.761384	\N	\N	\N	0	\N
22	kowai	kowai@com	$2a$10$FlfJgS..rH.cWVUjmSfhwe4hQp6M6VNj89o/BmxqYaISXMsZzFxJy	eXt99629i6UKhSFoH_eE	2024-01-29 18:09:46.780933	2024-01-29 18:09:46.780933	\N	\N	\N	0	\N
24	小林夕季	f.1.clover4v.v@gmail.com	\N	\N	2024-02-07 14:38:55.447716	2024-02-07 14:38:55.447716	\N	\N	\N	0	\N
23	mtlife	mtlife@gmail.com	\N	\N	2024-02-07 13:57:47.574781	2024-02-13 18:47:44.579502	\N	\N	\N	0	4aae9184a1dc4ae0fb80770f70d252cc.png
29	kumi	kumi@com	$2a$10$FgP/wAyAtmDs2.fNyS2nLO7dMxB2BMuF4UBuzns.68DG25PtCHwDe	Vxg5AexhQTCy_S-oHZeB	2024-02-14 14:36:42.618054	2024-02-14 14:37:04.510617	\N	\N	\N	0	4aae9184a1dc4ae0fb80770f70d252cc.png
26	mmm	mmm@com	$2a$10$aTNmkn19XnE1.VMhoaf3tudmuZH0dwuUgmwaHS4vIcxjtwJbaP1ty	snMtm54s17CZhXn5CbDj	2024-02-11 18:14:16.543795	2024-02-12 16:10:26.509212	\N	\N	\N	0	4aae9184a1dc4ae0fb80770f70d252cc.png
27	コメ	kome@com	$2a$10$ENb3C8Ha3VW7hAENdJTklOtlOd/hYVMnqmr181isIGCfEHKqg6BGS	DtyP8x4FMy8i5yFnc4sq	2024-02-12 16:11:01.089795	2024-02-12 17:34:43.089129	\N	\N	\N	0	4aae9184a1dc4ae0fb80770f70d252cc.png
28	kkkkk	kkkkk@com	$2a$10$GlehxrOhB3rk8lxlFD05IuUO5Jo9tpyvgUjiBpuUzNfL.MNKLYH/a	bdkg6jzBVruLGVWfZMVJ	2024-02-12 17:35:13.378059	2024-02-13 17:27:36.396354	\N	\N	\N	0	DALL_E_2024-02-09_13.38.41_-_Craft_a_crayon-textured_illustration_of_a_clinical_laboratory_setting_that_resembles_a_landscape_painting__using_only_short_test_tubes._The_image_shou.webp
\.


--
-- Name: answers_id_seq; Type: SEQUENCE SET; Schema: public; Owner: MTLife
--

SELECT pg_catalog.setval('public.answers_id_seq', 1, false);


--
-- Name: authentications_id_seq; Type: SEQUENCE SET; Schema: public; Owner: MTLife
--

SELECT pg_catalog.setval('public.authentications_id_seq', 2, true);


--
-- Name: image_questions_id_seq; Type: SEQUENCE SET; Schema: public; Owner: MTLife
--

SELECT pg_catalog.setval('public.image_questions_id_seq', 1, false);


--
-- Name: options_id_seq; Type: SEQUENCE SET; Schema: public; Owner: MTLife
--

SELECT pg_catalog.setval('public.options_id_seq', 500, true);


--
-- Name: question_correct_answers_id_seq; Type: SEQUENCE SET; Schema: public; Owner: MTLife
--

SELECT pg_catalog.setval('public.question_correct_answers_id_seq', 124, true);


--
-- Name: questions_id_seq; Type: SEQUENCE SET; Schema: public; Owner: MTLife
--

SELECT pg_catalog.setval('public.questions_id_seq', 100, true);


--
-- Name: users_id_seq; Type: SEQUENCE SET; Schema: public; Owner: MTLife
--

SELECT pg_catalog.setval('public.users_id_seq', 29, true);


--
-- Name: answers answers_pkey; Type: CONSTRAINT; Schema: public; Owner: MTLife
--

ALTER TABLE ONLY public.answers
    ADD CONSTRAINT answers_pkey PRIMARY KEY (id);


--
-- Name: ar_internal_metadata ar_internal_metadata_pkey; Type: CONSTRAINT; Schema: public; Owner: MTLife
--

ALTER TABLE ONLY public.ar_internal_metadata
    ADD CONSTRAINT ar_internal_metadata_pkey PRIMARY KEY (key);


--
-- Name: authentications authentications_pkey; Type: CONSTRAINT; Schema: public; Owner: MTLife
--

ALTER TABLE ONLY public.authentications
    ADD CONSTRAINT authentications_pkey PRIMARY KEY (id);


--
-- Name: image_questions image_questions_pkey; Type: CONSTRAINT; Schema: public; Owner: MTLife
--

ALTER TABLE ONLY public.image_questions
    ADD CONSTRAINT image_questions_pkey PRIMARY KEY (id);


--
-- Name: options options_pkey; Type: CONSTRAINT; Schema: public; Owner: MTLife
--

ALTER TABLE ONLY public.options
    ADD CONSTRAINT options_pkey PRIMARY KEY (id);


--
-- Name: question_correct_answers question_correct_answers_pkey; Type: CONSTRAINT; Schema: public; Owner: MTLife
--

ALTER TABLE ONLY public.question_correct_answers
    ADD CONSTRAINT question_correct_answers_pkey PRIMARY KEY (id);


--
-- Name: questions questions_pkey; Type: CONSTRAINT; Schema: public; Owner: MTLife
--

ALTER TABLE ONLY public.questions
    ADD CONSTRAINT questions_pkey PRIMARY KEY (id);


--
-- Name: schema_migrations schema_migrations_pkey; Type: CONSTRAINT; Schema: public; Owner: MTLife
--

ALTER TABLE ONLY public.schema_migrations
    ADD CONSTRAINT schema_migrations_pkey PRIMARY KEY (version);


--
-- Name: users users_pkey; Type: CONSTRAINT; Schema: public; Owner: MTLife
--

ALTER TABLE ONLY public.users
    ADD CONSTRAINT users_pkey PRIMARY KEY (id);


--
-- Name: index_answers_on_question_id; Type: INDEX; Schema: public; Owner: MTLife
--

CREATE INDEX index_answers_on_question_id ON public.answers USING btree (question_id);


--
-- Name: index_answers_on_selected_option_id; Type: INDEX; Schema: public; Owner: MTLife
--

CREATE INDEX index_answers_on_selected_option_id ON public.answers USING btree (selected_option_id);


--
-- Name: index_answers_on_user_id; Type: INDEX; Schema: public; Owner: MTLife
--

CREATE INDEX index_answers_on_user_id ON public.answers USING btree (user_id);


--
-- Name: index_authentications_on_provider_and_uid; Type: INDEX; Schema: public; Owner: MTLife
--

CREATE INDEX index_authentications_on_provider_and_uid ON public.authentications USING btree (provider, uid);


--
-- Name: index_image_questions_on_question_id; Type: INDEX; Schema: public; Owner: MTLife
--

CREATE INDEX index_image_questions_on_question_id ON public.image_questions USING btree (question_id);


--
-- Name: index_options_on_question_id; Type: INDEX; Schema: public; Owner: MTLife
--

CREATE INDEX index_options_on_question_id ON public.options USING btree (question_id);


--
-- Name: index_question_correct_answers_on_question_id; Type: INDEX; Schema: public; Owner: MTLife
--

CREATE INDEX index_question_correct_answers_on_question_id ON public.question_correct_answers USING btree (question_id);


--
-- Name: index_users_on_email; Type: INDEX; Schema: public; Owner: MTLife
--

CREATE UNIQUE INDEX index_users_on_email ON public.users USING btree (email);


--
-- Name: index_users_on_reset_password_token; Type: INDEX; Schema: public; Owner: MTLife
--

CREATE INDEX index_users_on_reset_password_token ON public.users USING btree (reset_password_token);


--
-- Name: answers fk_rails_3d5ed4418f; Type: FK CONSTRAINT; Schema: public; Owner: MTLife
--

ALTER TABLE ONLY public.answers
    ADD CONSTRAINT fk_rails_3d5ed4418f FOREIGN KEY (question_id) REFERENCES public.questions(id);


--
-- Name: answers fk_rails_584be190c2; Type: FK CONSTRAINT; Schema: public; Owner: MTLife
--

ALTER TABLE ONLY public.answers
    ADD CONSTRAINT fk_rails_584be190c2 FOREIGN KEY (user_id) REFERENCES public.users(id);


--
-- Name: image_questions fk_rails_7d922dcb5b; Type: FK CONSTRAINT; Schema: public; Owner: MTLife
--

ALTER TABLE ONLY public.image_questions
    ADD CONSTRAINT fk_rails_7d922dcb5b FOREIGN KEY (question_id) REFERENCES public.questions(id);


--
-- Name: options fk_rails_919a0dabf9; Type: FK CONSTRAINT; Schema: public; Owner: MTLife
--

ALTER TABLE ONLY public.options
    ADD CONSTRAINT fk_rails_919a0dabf9 FOREIGN KEY (question_id) REFERENCES public.questions(id);


--
-- Name: answers fk_rails_9540c29a7d; Type: FK CONSTRAINT; Schema: public; Owner: MTLife
--

ALTER TABLE ONLY public.answers
    ADD CONSTRAINT fk_rails_9540c29a7d FOREIGN KEY (selected_option_id) REFERENCES public.options(id);


--
-- Name: question_correct_answers fk_rails_e625241629; Type: FK CONSTRAINT; Schema: public; Owner: MTLife
--

ALTER TABLE ONLY public.question_correct_answers
    ADD CONSTRAINT fk_rails_e625241629 FOREIGN KEY (question_id) REFERENCES public.questions(id);


--
-- PostgreSQL database dump complete
--

